[2026-06-30 19:19:07] production.ERROR: There are no commands defined in the "generate" namespace. {"exception":"[object] (Symfony\\Component\\Console\\Exception\\NamespaceNotFoundException(code: 0): There are no commands defined in the \"generate\" namespace. at /home/malcian/malcians.online/www/vendor/symfony/console/Application.php:650)
[stacktrace]
#0 /home/malcian/malcians.online/www/vendor/symfony/console/Application.php(701): Symfony\\Component\\Console\\Application->findNamespace('generate')
#1 /home/malcian/malcians.online/www/vendor/symfony/console/Application.php(259): Symfony\\Component\\Console\\Application->find('generate:key')
#2 /home/malcian/malcians.online/www/vendor/symfony/console/Application.php(171): Symfony\\Component\\Console\\Application->doRun(Object(Symfony\\Component\\Console\\Input\\ArgvInput), Object(Symfony\\Component\\Console\\Output\\ConsoleOutput))
#3 /home/malcian/malcians.online/www/vendor/laravel/framework/src/Illuminate/Console/Application.php(94): Symfony\\Component\\Console\\Application->run(Object(Symfony\\Component\\Console\\Input\\ArgvInput), Object(Symfony\\Component\\Console\\Output\\ConsoleOutput))
#4 /home/malcian/malcians.online/www/vendor/laravel/framework/src/Illuminate/Foundation/Console/Kernel.php(129): Illuminate\\Console\\Application->run(Object(Symfony\\Component\\Console\\Input\\ArgvInput), Object(Symfony\\Component\\Console\\Output\\ConsoleOutput))
#5 /home/malcian/malcians.online/www/artisan(35): Illuminate\\Foundation\\Console\\Kernel->handle(Object(Symfony\\Component\\Console\\Input\\ArgvInput), Object(Symfony\\Component\\Console\\Output\\ConsoleOutput))
#6 {main}
"} 
[2026-06-30 19:56:43] production.ERROR: Target class [App\Http\Controllers\DailyController] does not exist. {"exception":"[object] (Illuminate\\Contracts\\Container\\BindingResolutionException(code: 0): Target class [App\\Http\\Controllers\\DailyController] does not exist. at /home/malcian/malcians.online/www/vendor/laravel/framework/src/Illuminate/Container/Container.php:879)
[stacktrace]
#0 /home/malcian/malcians.online/www/vendor/laravel/framework/src/Illuminate/Container/Container.php(758): Illuminate\\Container\\Container->build('App\\\\Http\\\\Contro...')
#1 /home/malcian/malcians.online/www/vendor/laravel/framework/src/Illuminate/Foundation/Application.php(853): Illuminate\\Container\\Container->resolve('App\\\\Http\\\\Contro...', Array, true)
#2 /home/malcian/malcians.online/www/vendor/laravel/framework/src/Illuminate/Container/Container.php(694): Illuminate\\Foundation\\Application->resolve('App\\\\Http\\\\Contro...', Array)
#3 /home/malcian/malcians.online/www/vendor/laravel/framework/src/Illuminate/Foundation/Application.php(838): Illuminate\\Container\\Container->make('App\\\\Http\\\\Contro...', Array)
#4 /home/malcian/malcians.online/www/vendor/laravel/framework/src/Illuminate/Routing/Route.php(276): Illuminate\\Foundation\\Application->make('App\\\\Http\\\\Contro...')
#5 /home/malcian/malcians.online/www/vendor/laravel/framework/src/Illuminate/Routing/Route.php(1080): Illuminate\\Routing\\Route->getController()
#6 /home/malcian/malcians.online/www/vendor/laravel/framework/src/Illuminate/Routing/Route.php(1023): Illuminate\\Routing\\Route->controllerMiddleware()
#7 /home/malcian/malcians.online/www/vendor/laravel/framework/src/Illuminate/Routing/Router.php(734): Illuminate\\Routing\\Route->gatherMiddleware()
#8 /home/malcian/malcians.online/www/vendor/laravel/framework/src/Illuminate/Routing/Router.php(714): Illuminate\\Routing\\Router->gatherRouteMiddleware(Object(Illuminate\\Routing\\Route))
#9 /home/malcian/malcians.online/www/vendor/laravel/framework/src/Illuminate/Routing/Router.php(698): Illuminate\\Routing\\Router->runRouteWithinStack(Object(Illuminate\\Routing\\Route), Object(Illuminate\\Http\\Request))
#10 /home/malcian/malcians.online/www/vendor/laravel/framework/src/Illuminate/Routing/Router.php(662): Illuminate\\Routing\\Router->runRoute(Object(Illuminate\\Http\\Request), Object(Illuminate\\Routing\\Route))
#11 /home/malcian/malcians.online/www/vendor/laravel/framework/src/Illuminate/Routing/Router.php(651): Illuminate\\Routing\\Router->dispatchToRoute(Object(Illuminate\\Http\\Request))
#12 /home/malcian/malcians.online/www/vendor/laravel/framework/src/Illuminate/Foundation/Http/Kernel.php(167): Illuminate\\Routing\\Router->dispatch(Object(Illuminate\\Http\\Request))
#13 /home/malcian/malcians.online/www/vendor/laravel/framework/src/Illuminate/Pipeline/Pipeline.php(128): Illuminate\\Foundation\\Http\\Kernel->Illuminate\\Foundation\\Http\\{closure}(Object(Illuminate\\Http\\Request))
#14 /home/malcian/malcians.online/www/app/Http/Middleware/SanitizeEmails.php(29): Illuminate\\Pipeline\\Pipeline->Illuminate\\Pipeline\\{closure}(Object(Illuminate\\Http\\Request))
#15 /home/malcian/malcians.online/www/vendor/laravel/framework/src/Illuminate/Pipeline/Pipeline.php(167): App\\Http\\Middleware\\SanitizeEmails->handle(Object(Illuminate\\Http\\Request), Object(Closure))
#16 /home/malcian/malcians.online/www/app/Http/Middleware/ParsePostRequestFields.php(42): Illuminate\\Pipeline\\Pipeline->Illuminate\\Pipeline\\{closure}(Object(Illuminate\\Http\\Request))
#17 /home/malcian/malcians.online/www/vendor/laravel/framework/src/Illuminate/Pipeline/Pipeline.php(167): App\\Http\\Middleware\\ParsePostRequestFields->handle(Object(Illuminate\\Http\\Request), Object(Closure))
#18 /home/malcian/malcians.online/www/vendor/fideloper/proxy/src/TrustProxies.php(57): Illuminate\\Pipeline\\Pipeline->Illuminate\\Pipeline\\{closure}(Object(Illuminate\\Http\\Request))
#19 /home/malcian/malcians.online/www/vendor/laravel/framework/src/Illuminate/Pipeline/Pipeline.php(167): Fideloper\\Proxy\\TrustProxies->handle(Object(Illuminate\\Http\\Request), Object(Closure))
#20 /home/malcian/malcians.online/www/vendor/laravel/framework/src/Illuminate/Foundation/Http/Middleware/TransformsRequest.php(21): Illuminate\\Pipeline\\Pipeline->Illuminate\\Pipeline\\{closure}(Object(Illuminate\\Http\\Request))
#21 /home/malcian/malcians.online/www/vendor/laravel/framework/src/Illuminate/Foundation/Http/Middleware/ConvertEmptyStringsToNull.php(31): Illuminate\\Foundation\\Http\\Middleware\\TransformsRequest->handle(Object(Illuminate\\Http\\Request), Object(Closure))
#22 /home/malcian/malcians.online/www/vendor/laravel/framework/src/Illuminate/Pipeline/Pipeline.php(167): Illuminate\\Foundation\\Http\\Middleware\\ConvertEmptyStringsToNull->handle(Object(Illuminate\\Http\\Request), Object(Closure))
#23 /home/malcian/malcians.online/www/vendor/laravel/framework/src/Illuminate/Foundation/Http/Middleware/TransformsRequest.php(21): Illuminate\\Pipeline\\Pipeline->Illuminate\\Pipeline\\{closure}(Object(Illuminate\\Http\\Request))
#24 /home/malcian/malcians.online/www/vendor/laravel/framework/src/Illuminate/Foundation/Http/Middleware/TrimStrings.php(40): Illuminate\\Foundation\\Http\\Middleware\\TransformsRequest->handle(Object(Illuminate\\Http\\Request), Object(Closure))
#25 /home/malcian/malcians.online/www/vendor/laravel/framework/src/Illuminate/Pipeline/Pipeline.php(167): Illuminate\\Foundation\\Http\\Middleware\\TrimStrings->handle(Object(Illuminate\\Http\\Request), Object(Closure))
#26 /home/malcian/malcians.online/www/vendor/laravel/framework/src/Illuminate/Foundation/Http/Middleware/ValidatePostSize.php(27): Illuminate\\Pipeline\\Pipeline->Illuminate\\Pipeline\\{closure}(Object(Illuminate\\Http\\Request))
#27 /home/malcian/malcians.online/www/vendor/laravel/framework/src/Illuminate/Pipeline/Pipeline.php(167): Illuminate\\Foundation\\Http\\Middleware\\ValidatePostSize->handle(Object(Illuminate\\Http\\Request), Object(Closure))
#28 /home/malcian/malcians.online/www/vendor/laravel/framework/src/Illuminate/Foundation/Http/Middleware/PreventRequestsDuringMaintenance.php(86): Illuminate\\Pipeline\\Pipeline->Illuminate\\Pipeline\\{closure}(Object(Illuminate\\Http\\Request))
#29 /home/malcian/malcians.online/www/vendor/laravel/framework/src/Illuminate/Pipeline/Pipeline.php(167): Illuminate\\Foundation\\Http\\Middleware\\PreventRequestsDuringMaintenance->handle(Object(Illuminate\\Http\\Request), Object(Closure))
#30 /home/malcian/malcians.online/www/vendor/laravel/framework/src/Illuminate/Pipeline/Pipeline.php(103): Illuminate\\Pipeline\\Pipeline->Illuminate\\Pipeline\\{closure}(Object(Illuminate\\Http\\Request))
#31 /home/malcian/malcians.online/www/vendor/laravel/framework/src/Illuminate/Foundation/Http/Kernel.php(142): Illuminate\\Pipeline\\Pipeline->then(Object(Closure))
#32 /home/malcian/malcians.online/www/vendor/laravel/framework/src/Illuminate/Foundation/Http/Kernel.php(111): Illuminate\\Foundation\\Http\\Kernel->sendRequestThroughRouter(Object(Illuminate\\Http\\Request))
#33 /home/malcian/malcians.online/www/public/index.php(54): Illuminate\\Foundation\\Http\\Kernel->handle(Object(Illuminate\\Http\\Request))
#34 {main}

[previous exception] [object] (ReflectionException(code: -1): Class \"App\\Http\\Controllers\\DailyController\" does not exist at /home/malcian/malcians.online/www/vendor/laravel/framework/src/Illuminate/Container/Container.php:877)
[stacktrace]
#0 /home/malcian/malcians.online/www/vendor/laravel/framework/src/Illuminate/Container/Container.php(877): ReflectionClass->__construct('App\\\\Http\\\\Contro...')
#1 /home/malcian/malcians.online/www/vendor/laravel/framework/src/Illuminate/Container/Container.php(758): Illuminate\\Container\\Container->build('App\\\\Http\\\\Contro...')
#2 /home/malcian/malcians.online/www/vendor/laravel/framework/src/Illuminate/Foundation/Application.php(853): Illuminate\\Container\\Container->resolve('App\\\\Http\\\\Contro...', Array, true)
#3 /home/malcian/malcians.online/www/vendor/laravel/framework/src/Illuminate/Container/Container.php(694): Illuminate\\Foundation\\Application->resolve('App\\\\Http\\\\Contro...', Array)
#4 /home/malcian/malcians.online/www/vendor/laravel/framework/src/Illuminate/Foundation/Application.php(838): Illuminate\\Container\\Container->make('App\\\\Http\\\\Contro...', Array)
#5 /home/malcian/malcians.online/www/vendor/laravel/framework/src/Illuminate/Routing/Route.php(276): Illuminate\\Foundation\\Application->make('App\\\\Http\\\\Contro...')
#6 /home/malcian/malcians.online/www/vendor/laravel/framework/src/Illuminate/Routing/Route.php(1080): Illuminate\\Routing\\Route->getController()
#7 /home/malcian/malcians.online/www/vendor/laravel/framework/src/Illuminate/Routing/Route.php(1023): Illuminate\\Routing\\Route->controllerMiddleware()
#8 /home/malcian/malcians.online/www/vendor/laravel/framework/src/Illuminate/Routing/Router.php(734): Illuminate\\Routing\\Route->gatherMiddleware()
#9 /home/malcian/malcians.online/www/vendor/laravel/framework/src/Illuminate/Routing/Router.php(714): Illuminate\\Routing\\Router->gatherRouteMiddleware(Object(Illuminate\\Routing\\Route))
#10 /home/malcian/malcians.online/www/vendor/laravel/framework/src/Illuminate/Routing/Router.php(698): Illuminate\\Routing\\Router->runRouteWithinStack(Object(Illuminate\\Routing\\Route), Object(Illuminate\\Http\\Request))
#11 /home/malcian/malcians.online/www/vendor/laravel/framework/src/Illuminate/Routing/Router.php(662): Illuminate\\Routing\\Router->runRoute(Object(Illuminate\\Http\\Request), Object(Illuminate\\Routing\\Route))
#12 /home/malcian/malcians.online/www/vendor/laravel/framework/src/Illuminate/Routing/Router.php(651): Illuminate\\Routing\\Router->dispatchToRoute(Object(Illuminate\\Http\\Request))
#13 /home/malcian/malcians.online/www/vendor/laravel/framework/src/Illuminate/Foundation/Http/Kernel.php(167): Illuminate\\Routing\\Router->dispatch(Object(Illuminate\\Http\\Request))
#14 /home/malcian/malcians.online/www/vendor/laravel/framework/src/Illuminate/Pipeline/Pipeline.php(128): Illuminate\\Foundation\\Http\\Kernel->Illuminate\\Foundation\\Http\\{closure}(Object(Illuminate\\Http\\Request))
#15 /home/malcian/malcians.online/www/app/Http/Middleware/SanitizeEmails.php(29): Illuminate\\Pipeline\\Pipeline->Illuminate\\Pipeline\\{closure}(Object(Illuminate\\Http\\Request))
#16 /home/malcian/malcians.online/www/vendor/laravel/framework/src/Illuminate/Pipeline/Pipeline.php(167): App\\Http\\Middleware\\SanitizeEmails->handle(Object(Illuminate\\Http\\Request), Object(Closure))
#17 /home/malcian/malcians.online/www/app/Http/Middleware/ParsePostRequestFields.php(42): Illuminate\\Pipeline\\Pipeline->Illuminate\\Pipeline\\{closure}(Object(Illuminate\\Http\\Request))
#18 /home/malcian/malcians.online/www/vendor/laravel/framework/src/Illuminate/Pipeline/Pipeline.php(167): App\\Http\\Middleware\\ParsePostRequestFields->handle(Object(Illuminate\\Http\\Request), Object(Closure))
#19 /home/malcian/malcians.online/www/vendor/fideloper/proxy/src/TrustProxies.php(57): Illuminate\\Pipeline\\Pipeline->Illuminate\\Pipeline\\{closure}(Object(Illuminate\\Http\\Request))
#20 /home/malcian/malcians.online/www/vendor/laravel/framework/src/Illuminate/Pipeline/Pipeline.php(167): Fideloper\\Proxy\\TrustProxies->handle(Object(Illuminate\\Http\\Request), Object(Closure))
#21 /home/malcian/malcians.online/www/vendor/laravel/framework/src/Illuminate/Foundation/Http/Middleware/TransformsRequest.php(21): Illuminate\\Pipeline\\Pipeline->Illuminate\\Pipeline\\{closure}(Object(Illuminate\\Http\\Request))
#22 /home/malcian/malcians.online/www/vendor/laravel/framework/src/Illuminate/Foundation/Http/Middleware/ConvertEmptyStringsToNull.php(31): Illuminate\\Foundation\\Http\\Middleware\\TransformsRequest->handle(Object(Illuminate\\Http\\Request), Object(Closure))
#23 /home/malcian/malcians.online/www/vendor/laravel/framework/src/Illuminate/Pipeline/Pipeline.php(167): Illuminate\\Foundation\\Http\\Middleware\\ConvertEmptyStringsToNull->handle(Object(Illuminate\\Http\\Request), Object(Closure))
#24 /home/malcian/malcians.online/www/vendor/laravel/framework/src/Illuminate/Foundation/Http/Middleware/TransformsRequest.php(21): Illuminate\\Pipeline\\Pipeline->Illuminate\\Pipeline\\{closure}(Object(Illuminate\\Http\\Request))
#25 /home/malcian/malcians.online/www/vendor/laravel/framework/src/Illuminate/Foundation/Http/Middleware/TrimStrings.php(40): Illuminate\\Foundation\\Http\\Middleware\\TransformsRequest->handle(Object(Illuminate\\Http\\Request), Object(Closure))
#26 /home/malcian/malcians.online/www/vendor/laravel/framework/src/Illuminate/Pipeline/Pipeline.php(167): Illuminate\\Foundation\\Http\\Middleware\\TrimStrings->handle(Object(Illuminate\\Http\\Request), Object(Closure))
#27 /home/malcian/malcians.online/www/vendor/laravel/framework/src/Illuminate/Foundation/Http/Middleware/ValidatePostSize.php(27): Illuminate\\Pipeline\\Pipeline->Illuminate\\Pipeline\\{closure}(Object(Illuminate\\Http\\Request))
#28 /home/malcian/malcians.online/www/vendor/laravel/framework/src/Illuminate/Pipeline/Pipeline.php(167): Illuminate\\Foundation\\Http\\Middleware\\ValidatePostSize->handle(Object(Illuminate\\Http\\Request), Object(Closure))
#29 /home/malcian/malcians.online/www/vendor/laravel/framework/src/Illuminate/Foundation/Http/Middleware/PreventRequestsDuringMaintenance.php(86): Illuminate\\Pipeline\\Pipeline->Illuminate\\Pipeline\\{closure}(Object(Illuminate\\Http\\Request))
#30 /home/malcian/malcians.online/www/vendor/laravel/framework/src/Illuminate/Pipeline/Pipeline.php(167): Illuminate\\Foundation\\Http\\Middleware\\PreventRequestsDuringMaintenance->handle(Object(Illuminate\\Http\\Request), Object(Closure))
#31 /home/malcian/malcians.online/www/vendor/laravel/framework/src/Illuminate/Pipeline/Pipeline.php(103): Illuminate\\Pipeline\\Pipeline->Illuminate\\Pipeline\\{closure}(Object(Illuminate\\Http\\Request))
#32 /home/malcian/malcians.online/www/vendor/laravel/framework/src/Illuminate/Foundation/Http/Kernel.php(142): Illuminate\\Pipeline\\Pipeline->then(Object(Closure))
#33 /home/malcian/malcians.online/www/vendor/laravel/framework/src/Illuminate/Foundation/Http/Kernel.php(111): Illuminate\\Foundation\\Http\\Kernel->sendRequestThroughRouter(Object(Illuminate\\Http\\Request))
#34 /home/malcian/malcians.online/www/public/index.php(54): Illuminate\\Foundation\\Http\\Kernel->handle(Object(Illuminate\\Http\\Request))
#35 {main}
"} 
[2026-06-30 19:56:48] production.ERROR: Target class [App\Http\Controllers\Admin\Data\DailyController] does not exist. {"exception":"[object] (Illuminate\\Contracts\\Container\\BindingResolutionException(code: 0): Target class [App\\Http\\Controllers\\Admin\\Data\\DailyController] does not exist. at /home/malcian/malcians.online/www/vendor/laravel/framework/src/Illuminate/Container/Container.php:879)
[stacktrace]
#0 /home/malcian/malcians.online/www/vendor/laravel/framework/src/Illuminate/Container/Container.php(758): Illuminate\\Container\\Container->build('App\\\\Http\\\\Contro...')
#1 /home/malcian/malcians.online/www/vendor/laravel/framework/src/Illuminate/Foundation/Application.php(853): Illuminate\\Container\\Container->resolve('App\\\\Http\\\\Contro...', Array, true)
#2 /home/malcian/malcians.online/www/vendor/laravel/framework/src/Illuminate/Container/Container.php(694): Illuminate\\Foundation\\Application->resolve('App\\\\Http\\\\Contro...', Array)
#3 /home/malcian/malcians.online/www/vendor/laravel/framework/src/Illuminate/Foundation/Application.php(838): Illuminate\\Container\\Container->make('App\\\\Http\\\\Contro...', Array)
#4 /home/malcian/malcians.online/www/vendor/laravel/framework/src/Illuminate/Routing/Route.php(276): Illuminate\\Foundation\\Application->make('App\\\\Http\\\\Contro...')
#5 /home/malcian/malcians.online/www/vendor/laravel/framework/src/Illuminate/Routing/Route.php(1080): Illuminate\\Routing\\Route->getController()
#6 /home/malcian/malcians.online/www/vendor/laravel/framework/src/Illuminate/Routing/Route.php(1023): Illuminate\\Routing\\Route->controllerMiddleware()
#7 /home/malcian/malcians.online/www/vendor/laravel/framework/src/Illuminate/Routing/Router.php(734): Illuminate\\Routing\\Route->gatherMiddleware()
#8 /home/malcian/malcians.online/www/vendor/laravel/framework/src/Illuminate/Routing/Router.php(714): Illuminate\\Routing\\Router->gatherRouteMiddleware(Object(Illuminate\\Routing\\Route))
#9 /home/malcian/malcians.online/www/vendor/laravel/framework/src/Illuminate/Routing/Router.php(698): Illuminate\\Routing\\Router->runRouteWithinStack(Object(Illuminate\\Routing\\Route), Object(Illuminate\\Http\\Request))
#10 /home/malcian/malcians.online/www/vendor/laravel/framework/src/Illuminate/Routing/Router.php(662): Illuminate\\Routing\\Router->runRoute(Object(Illuminate\\Http\\Request), Object(Illuminate\\Routing\\Route))
#11 /home/malcian/malcians.online/www/vendor/laravel/framework/src/Illuminate/Routing/Router.php(651): Illuminate\\Routing\\Router->dispatchToRoute(Object(Illuminate\\Http\\Request))
#12 /home/malcian/malcians.online/www/vendor/laravel/framework/src/Illuminate/Foundation/Http/Kernel.php(167): Illuminate\\Routing\\Router->dispatch(Object(Illuminate\\Http\\Request))
#13 /home/malcian/malcians.online/www/vendor/laravel/framework/src/Illuminate/Pipeline/Pipeline.php(128): Illuminate\\Foundation\\Http\\Kernel->Illuminate\\Foundation\\Http\\{closure}(Object(Illuminate\\Http\\Request))
#14 /home/malcian/malcians.online/www/app/Http/Middleware/SanitizeEmails.php(29): Illuminate\\Pipeline\\Pipeline->Illuminate\\Pipeline\\{closure}(Object(Illuminate\\Http\\Request))
#15 /home/malcian/malcians.online/www/vendor/laravel/framework/src/Illuminate/Pipeline/Pipeline.php(167): App\\Http\\Middleware\\SanitizeEmails->handle(Object(Illuminate\\Http\\Request), Object(Closure))
#16 /home/malcian/malcians.online/www/app/Http/Middleware/ParsePostRequestFields.php(42): Illuminate\\Pipeline\\Pipeline->Illuminate\\Pipeline\\{closure}(Object(Illuminate\\Http\\Request))
#17 /home/malcian/malcians.online/www/vendor/laravel/framework/src/Illuminate/Pipeline/Pipeline.php(167): App\\Http\\Middleware\\ParsePostRequestFields->handle(Object(Illuminate\\Http\\Request), Object(Closure))
#18 /home/malcian/malcians.online/www/vendor/fideloper/proxy/src/TrustProxies.php(57): Illuminate\\Pipeline\\Pipeline->Illuminate\\Pipeline\\{closure}(Object(Illuminate\\Http\\Request))
#19 /home/malcian/malcians.online/www/vendor/laravel/framework/src/Illuminate/Pipeline/Pipeline.php(167): Fideloper\\Proxy\\TrustProxies->handle(Object(Illuminate\\Http\\Request), Object(Closure))
#20 /home/malcian/malcians.online/www/vendor/laravel/framework/src/Illuminate/Foundation/Http/Middleware/TransformsRequest.php(21): Illuminate\\Pipeline\\Pipeline->Illuminate\\Pipeline\\{closure}(Object(Illuminate\\Http\\Request))
#21 /home/malcian/malcians.online/www/vendor/laravel/framework/src/Illuminate/Foundation/Http/Middleware/ConvertEmptyStringsToNull.php(31): Illuminate\\Foundation\\Http\\Middleware\\TransformsRequest->handle(Object(Illuminate\\Http\\Request), Object(Closure))
#22 /home/malcian/malcians.online/www/vendor/laravel/framework/src/Illuminate/Pipeline/Pipeline.php(167): Illuminate\\Foundation\\Http\\Middleware\\ConvertEmptyStringsToNull->handle(Object(Illuminate\\Http\\Request), Object(Closure))
#23 /home/malcian/malcians.online/www/vendor/laravel/framework/src/Illuminate/Foundation/Http/Middleware/TransformsRequest.php(21): Illuminate\\Pipeline\\Pipeline->Illuminate\\Pipeline\\{closure}(Object(Illuminate\\Http\\Request))
#24 /home/malcian/malcians.online/www/vendor/laravel/framework/src/Illuminate/Foundation/Http/Middleware/TrimStrings.php(40): Illuminate\\Foundation\\Http\\Middleware\\TransformsRequest->handle(Object(Illuminate\\Http\\Request), Object(Closure))
#25 /home/malcian/malcians.online/www/vendor/laravel/framework/src/Illuminate/Pipeline/Pipeline.php(167): Illuminate\\Foundation\\Http\\Middleware\\TrimStrings->handle(Object(Illuminate\\Http\\Request), Object(Closure))
#26 /home/malcian/malcians.online/www/vendor/laravel/framework/src/Illuminate/Foundation/Http/Middleware/ValidatePostSize.php(27): Illuminate\\Pipeline\\Pipeline->Illuminate\\Pipeline\\{closure}(Object(Illuminate\\Http\\Request))
#27 /home/malcian/malcians.online/www/vendor/laravel/framework/src/Illuminate/Pipeline/Pipeline.php(167): Illuminate\\Foundation\\Http\\Middleware\\ValidatePostSize->handle(Object(Illuminate\\Http\\Request), Object(Closure))
#28 /home/malcian/malcians.online/www/vendor/laravel/framework/src/Illuminate/Foundation/Http/Middleware/PreventRequestsDuringMaintenance.php(86): Illuminate\\Pipeline\\Pipeline->Illuminate\\Pipeline\\{closure}(Object(Illuminate\\Http\\Request))
#29 /home/malcian/malcians.online/www/vendor/laravel/framework/src/Illuminate/Pipeline/Pipeline.php(167): Illuminate\\Foundation\\Http\\Middleware\\PreventRequestsDuringMaintenance->handle(Object(Illuminate\\Http\\Request), Object(Closure))
#30 /home/malcian/malcians.online/www/vendor/laravel/framework/src/Illuminate/Pipeline/Pipeline.php(103): Illuminate\\Pipeline\\Pipeline->Illuminate\\Pipeline\\{closure}(Object(Illuminate\\Http\\Request))
#31 /home/malcian/malcians.online/www/vendor/laravel/framework/src/Illuminate/Foundation/Http/Kernel.php(142): Illuminate\\Pipeline\\Pipeline->then(Object(Closure))
#32 /home/malcian/malcians.online/www/vendor/laravel/framework/src/Illuminate/Foundation/Http/Kernel.php(111): Illuminate\\Foundation\\Http\\Kernel->sendRequestThroughRouter(Object(Illuminate\\Http\\Request))
#33 /home/malcian/malcians.online/www/public/index.php(54): Illuminate\\Foundation\\Http\\Kernel->handle(Object(Illuminate\\Http\\Request))
#34 {main}

[previous exception] [object] (ReflectionException(code: -1): Class \"App\\Http\\Controllers\\Admin\\Data\\DailyController\" does not exist at /home/malcian/malcians.online/www/vendor/laravel/framework/src/Illuminate/Container/Container.php:877)
[stacktrace]
#0 /home/malcian/malcians.online/www/vendor/laravel/framework/src/Illuminate/Container/Container.php(877): ReflectionClass->__construct('App\\\\Http\\\\Contro...')
#1 /home/malcian/malcians.online/www/vendor/laravel/framework/src/Illuminate/Container/Container.php(758): Illuminate\\Container\\Container->build('App\\\\Http\\\\Contro...')
#2 /home/malcian/malcians.online/www/vendor/laravel/framework/src/Illuminate/Foundation/Application.php(853): Illuminate\\Container\\Container->resolve('App\\\\Http\\\\Contro...', Array, true)
#3 /home/malcian/malcians.online/www/vendor/laravel/framework/src/Illuminate/Container/Container.php(694): Illuminate\\Foundation\\Application->resolve('App\\\\Http\\\\Contro...', Array)
#4 /home/malcian/malcians.online/www/vendor/laravel/framework/src/Illuminate/Foundation/Application.php(838): Illuminate\\Container\\Container->make('App\\\\Http\\\\Contro...', Array)
#5 /home/malcian/malcians.online/www/vendor/laravel/framework/src/Illuminate/Routing/Route.php(276): Illuminate\\Foundation\\Application->make('App\\\\Http\\\\Contro...')
#6 /home/malcian/malcians.online/www/vendor/laravel/framework/src/Illuminate/Routing/Route.php(1080): Illuminate\\Routing\\Route->getController()
#7 /home/malcian/malcians.online/www/vendor/laravel/framework/src/Illuminate/Routing/Route.php(1023): Illuminate\\Routing\\Route->controllerMiddleware()
#8 /home/malcian/malcians.online/www/vendor/laravel/framework/src/Illuminate/Routing/Router.php(734): Illuminate\\Routing\\Route->gatherMiddleware()
#9 /home/malcian/malcians.online/www/vendor/laravel/framework/src/Illuminate/Routing/Router.php(714): Illuminate\\Routing\\Router->gatherRouteMiddleware(Object(Illuminate\\Routing\\Route))
#10 /home/malcian/malcians.online/www/vendor/laravel/framework/src/Illuminate/Routing/Router.php(698): Illuminate\\Routing\\Router->runRouteWithinStack(Object(Illuminate\\Routing\\Route), Object(Illuminate\\Http\\Request))
#11 /home/malcian/malcians.online/www/vendor/laravel/framework/src/Illuminate/Routing/Router.php(662): Illuminate\\Routing\\Router->runRoute(Object(Illuminate\\Http\\Request), Object(Illuminate\\Routing\\Route))
#12 /home/malcian/malcians.online/www/vendor/laravel/framework/src/Illuminate/Routing/Router.php(651): Illuminate\\Routing\\Router->dispatchToRoute(Object(Illuminate\\Http\\Request))
#13 /home/malcian/malcians.online/www/vendor/laravel/framework/src/Illuminate/Foundation/Http/Kernel.php(167): Illuminate\\Routing\\Router->dispatch(Object(Illuminate\\Http\\Request))
#14 /home/malcian/malcians.online/www/vendor/laravel/framework/src/Illuminate/Pipeline/Pipeline.php(128): Illuminate\\Foundation\\Http\\Kernel->Illuminate\\Foundation\\Http\\{closure}(Object(Illuminate\\Http\\Request))
#15 /home/malcian/malcians.online/www/app/Http/Middleware/SanitizeEmails.php(29): Illuminate\\Pipeline\\Pipeline->Illuminate\\Pipeline\\{closure}(Object(Illuminate\\Http\\Request))
#16 /home/malcian/malcians.online/www/vendor/laravel/framework/src/Illuminate/Pipeline/Pipeline.php(167): App\\Http\\Middleware\\SanitizeEmails->handle(Object(Illuminate\\Http\\Request), Object(Closure))
#17 /home/malcian/malcians.online/www/app/Http/Middleware/ParsePostRequestFields.php(42): Illuminate\\Pipeline\\Pipeline->Illuminate\\Pipeline\\{closure}(Object(Illuminate\\Http\\Request))
#18 /home/malcian/malcians.online/www/vendor/laravel/framework/src/Illuminate/Pipeline/Pipeline.php(167): App\\Http\\Middleware\\ParsePostRequestFields->handle(Object(Illuminate\\Http\\Request), Object(Closure))
#19 /home/malcian/malcians.online/www/vendor/fideloper/proxy/src/TrustProxies.php(57): Illuminate\\Pipeline\\Pipeline->Illuminate\\Pipeline\\{closure}(Object(Illuminate\\Http\\Request))
#20 /home/malcian/malcians.online/www/vendor/laravel/framework/src/Illuminate/Pipeline/Pipeline.php(167): Fideloper\\Proxy\\TrustProxies->handle(Object(Illuminate\\Http\\Request), Object(Closure))
#21 /home/malcian/malcians.online/www/vendor/laravel/framework/src/Illuminate/Foundation/Http/Middleware/TransformsRequest.php(21): Illuminate\\Pipeline\\Pipeline->Illuminate\\Pipeline\\{closure}(Object(Illuminate\\Http\\Request))
#22 /home/malcian/malcians.online/www/vendor/laravel/framework/src/Illuminate/Foundation/Http/Middleware/ConvertEmptyStringsToNull.php(31): Illuminate\\Foundation\\Http\\Middleware\\TransformsRequest->handle(Object(Illuminate\\Http\\Request), Object(Closure))
#23 /home/malcian/malcians.online/www/vendor/laravel/framework/src/Illuminate/Pipeline/Pipeline.php(167): Illuminate\\Foundation\\Http\\Middleware\\ConvertEmptyStringsToNull->handle(Object(Illuminate\\Http\\Request), Object(Closure))
#24 /home/malcian/malcians.online/www/vendor/laravel/framework/src/Illuminate/Foundation/Http/Middleware/TransformsRequest.php(21): Illuminate\\Pipeline\\Pipeline->Illuminate\\Pipeline\\{closure}(Object(Illuminate\\Http\\Request))
#25 /home/malcian/malcians.online/www/vendor/laravel/framework/src/Illuminate/Foundation/Http/Middleware/TrimStrings.php(40): Illuminate\\Foundation\\Http\\Middleware\\TransformsRequest->handle(Object(Illuminate\\Http\\Request), Object(Closure))
#26 /home/malcian/malcians.online/www/vendor/laravel/framework/src/Illuminate/Pipeline/Pipeline.php(167): Illuminate\\Foundation\\Http\\Middleware\\TrimStrings->handle(Object(Illuminate\\Http\\Request), Object(Closure))
#27 /home/malcian/malcians.online/www/vendor/laravel/framework/src/Illuminate/Foundation/Http/Middleware/ValidatePostSize.php(27): Illuminate\\Pipeline\\Pipeline->Illuminate\\Pipeline\\{closure}(Object(Illuminate\\Http\\Request))
#28 /home/malcian/malcians.online/www/vendor/laravel/framework/src/Illuminate/Pipeline/Pipeline.php(167): Illuminate\\Foundation\\Http\\Middleware\\ValidatePostSize->handle(Object(Illuminate\\Http\\Request), Object(Closure))
#29 /home/malcian/malcians.online/www/vendor/laravel/framework/src/Illuminate/Foundation/Http/Middleware/PreventRequestsDuringMaintenance.php(86): Illuminate\\Pipeline\\Pipeline->Illuminate\\Pipeline\\{closure}(Object(Illuminate\\Http\\Request))
#30 /home/malcian/malcians.online/www/vendor/laravel/framework/src/Illuminate/Pipeline/Pipeline.php(167): Illuminate\\Foundation\\Http\\Middleware\\PreventRequestsDuringMaintenance->handle(Object(Illuminate\\Http\\Request), Object(Closure))
#31 /home/malcian/malcians.online/www/vendor/laravel/framework/src/Illuminate/Pipeline/Pipeline.php(103): Illuminate\\Pipeline\\Pipeline->Illuminate\\Pipeline\\{closure}(Object(Illuminate\\Http\\Request))
#32 /home/malcian/malcians.online/www/vendor/laravel/framework/src/Illuminate/Foundation/Http/Kernel.php(142): Illuminate\\Pipeline\\Pipeline->then(Object(Closure))
#33 /home/malcian/malcians.online/www/vendor/laravel/framework/src/Illuminate/Foundation/Http/Kernel.php(111): Illuminate\\Foundation\\Http\\Kernel->sendRequestThroughRouter(Object(Illuminate\\Http\\Request))
#34 /home/malcian/malcians.online/www/public/index.php(54): Illuminate\\Foundation\\Http\\Kernel->handle(Object(Illuminate\\Http\\Request))
#35 {main}
"} 
[2026-06-30 19:58:31] production.ERROR: Target class [App\Http\Controllers\DailyController] does not exist. {"exception":"[object] (Illuminate\\Contracts\\Container\\BindingResolutionException(code: 0): Target class [App\\Http\\Controllers\\DailyController] does not exist. at /home/malcian/malcians.online/www/vendor/laravel/framework/src/Illuminate/Container/Container.php:879)
[stacktrace]
#0 /home/malcian/malcians.online/www/vendor/laravel/framework/src/Illuminate/Container/Container.php(758): Illuminate\\Container\\Container->build('App\\\\Http\\\\Contro...')
#1 /home/malcian/malcians.online/www/vendor/laravel/framework/src/Illuminate/Foundation/Application.php(853): Illuminate\\Container\\Container->resolve('App\\\\Http\\\\Contro...', Array, true)
#2 /home/malcian/malcians.online/www/vendor/laravel/framework/src/Illuminate/Container/Container.php(694): Illuminate\\Foundation\\Application->resolve('App\\\\Http\\\\Contro...', Array)
#3 /home/malcian/malcians.online/www/vendor/laravel/framework/src/Illuminate/Foundation/Application.php(838): Illuminate\\Container\\Container->make('App\\\\Http\\\\Contro...', Array)
#4 /home/malcian/malcians.online/www/vendor/laravel/framework/src/Illuminate/Routing/Route.php(276): Illuminate\\Foundation\\Application->make('App\\\\Http\\\\Contro...')
#5 /home/malcian/malcians.online/www/vendor/laravel/framework/src/Illuminate/Routing/Route.php(1080): Illuminate\\Routing\\Route->getController()
#6 /home/malcian/malcians.online/www/vendor/laravel/framework/src/Illuminate/Routing/Route.php(1023): Illuminate\\Routing\\Route->controllerMiddleware()
#7 /home/malcian/malcians.online/www/vendor/laravel/framework/src/Illuminate/Routing/Router.php(734): Illuminate\\Routing\\Route->gatherMiddleware()
#8 /home/malcian/malcians.online/www/vendor/laravel/framework/src/Illuminate/Routing/Router.php(714): Illuminate\\Routing\\Router->gatherRouteMiddleware(Object(Illuminate\\Routing\\Route))
#9 /home/malcian/malcians.online/www/vendor/laravel/framework/src/Illuminate/Routing/Router.php(698): Illuminate\\Routing\\Router->runRouteWithinStack(Object(Illuminate\\Routing\\Route), Object(Illuminate\\Http\\Request))
#10 /home/malcian/malcians.online/www/vendor/laravel/framework/src/Illuminate/Routing/Router.php(662): Illuminate\\Routing\\Router->runRoute(Object(Illuminate\\Http\\Request), Object(Illuminate\\Routing\\Route))
#11 /home/malcian/malcians.online/www/vendor/laravel/framework/src/Illuminate/Routing/Router.php(651): Illuminate\\Routing\\Router->dispatchToRoute(Object(Illuminate\\Http\\Request))
#12 /home/malcian/malcians.online/www/vendor/laravel/framework/src/Illuminate/Foundation/Http/Kernel.php(167): Illuminate\\Routing\\Router->dispatch(Object(Illuminate\\Http\\Request))
#13 /home/malcian/malcians.online/www/vendor/laravel/framework/src/Illuminate/Pipeline/Pipeline.php(128): Illuminate\\Foundation\\Http\\Kernel->Illuminate\\Foundation\\Http\\{closure}(Object(Illuminate\\Http\\Request))
#14 /home/malcian/malcians.online/www/app/Http/Middleware/SanitizeEmails.php(29): Illuminate\\Pipeline\\Pipeline->Illuminate\\Pipeline\\{closure}(Object(Illuminate\\Http\\Request))
#15 /home/malcian/malcians.online/www/vendor/laravel/framework/src/Illuminate/Pipeline/Pipeline.php(167): App\\Http\\Middleware\\SanitizeEmails->handle(Object(Illuminate\\Http\\Request), Object(Closure))
#16 /home/malcian/malcians.online/www/app/Http/Middleware/ParsePostRequestFields.php(42): Illuminate\\Pipeline\\Pipeline->Illuminate\\Pipeline\\{closure}(Object(Illuminate\\Http\\Request))
#17 /home/malcian/malcians.online/www/vendor/laravel/framework/src/Illuminate/Pipeline/Pipeline.php(167): App\\Http\\Middleware\\ParsePostRequestFields->handle(Object(Illuminate\\Http\\Request), Object(Closure))
#18 /home/malcian/malcians.online/www/vendor/fideloper/proxy/src/TrustProxies.php(57): Illuminate\\Pipeline\\Pipeline->Illuminate\\Pipeline\\{closure}(Object(Illuminate\\Http\\Request))
#19 /home/malcian/malcians.online/www/vendor/laravel/framework/src/Illuminate/Pipeline/Pipeline.php(167): Fideloper\\Proxy\\TrustProxies->handle(Object(Illuminate\\Http\\Request), Object(Closure))
#20 /home/malcian/malcians.online/www/vendor/laravel/framework/src/Illuminate/Foundation/Http/Middleware/TransformsRequest.php(21): Illuminate\\Pipeline\\Pipeline->Illuminate\\Pipeline\\{closure}(Object(Illuminate\\Http\\Request))
#21 /home/malcian/malcians.online/www/vendor/laravel/framework/src/Illuminate/Foundation/Http/Middleware/ConvertEmptyStringsToNull.php(31): Illuminate\\Foundation\\Http\\Middleware\\TransformsRequest->handle(Object(Illuminate\\Http\\Request), Object(Closure))
#22 /home/malcian/malcians.online/www/vendor/laravel/framework/src/Illuminate/Pipeline/Pipeline.php(167): Illuminate\\Foundation\\Http\\Middleware\\ConvertEmptyStringsToNull->handle(Object(Illuminate\\Http\\Request), Object(Closure))
#23 /home/malcian/malcians.online/www/vendor/laravel/framework/src/Illuminate/Foundation/Http/Middleware/TransformsRequest.php(21): Illuminate\\Pipeline\\Pipeline->Illuminate\\Pipeline\\{closure}(Object(Illuminate\\Http\\Request))
#24 /home/malcian/malcians.online/www/vendor/laravel/framework/src/Illuminate/Foundation/Http/Middleware/TrimStrings.php(40): Illuminate\\Foundation\\Http\\Middleware\\TransformsRequest->handle(Object(Illuminate\\Http\\Request), Object(Closure))
#25 /home/malcian/malcians.online/www/vendor/laravel/framework/src/Illuminate/Pipeline/Pipeline.php(167): Illuminate\\Foundation\\Http\\Middleware\\TrimStrings->handle(Object(Illuminate\\Http\\Request), Object(Closure))
#26 /home/malcian/malcians.online/www/vendor/laravel/framework/src/Illuminate/Foundation/Http/Middleware/ValidatePostSize.php(27): Illuminate\\Pipeline\\Pipeline->Illuminate\\Pipeline\\{closure}(Object(Illuminate\\Http\\Request))
#27 /home/malcian/malcians.online/www/vendor/laravel/framework/src/Illuminate/Pipeline/Pipeline.php(167): Illuminate\\Foundation\\Http\\Middleware\\ValidatePostSize->handle(Object(Illuminate\\Http\\Request), Object(Closure))
#28 /home/malcian/malcians.online/www/vendor/laravel/framework/src/Illuminate/Foundation/Http/Middleware/PreventRequestsDuringMaintenance.php(86): Illuminate\\Pipeline\\Pipeline->Illuminate\\Pipeline\\{closure}(Object(Illuminate\\Http\\Request))
#29 /home/malcian/malcians.online/www/vendor/laravel/framework/src/Illuminate/Pipeline/Pipeline.php(167): Illuminate\\Foundation\\Http\\Middleware\\PreventRequestsDuringMaintenance->handle(Object(Illuminate\\Http\\Request), Object(Closure))
#30 /home/malcian/malcians.online/www/vendor/laravel/framework/src/Illuminate/Pipeline/Pipeline.php(103): Illuminate\\Pipeline\\Pipeline->Illuminate\\Pipeline\\{closure}(Object(Illuminate\\Http\\Request))
#31 /home/malcian/malcians.online/www/vendor/laravel/framework/src/Illuminate/Foundation/Http/Kernel.php(142): Illuminate\\Pipeline\\Pipeline->then(Object(Closure))
#32 /home/malcian/malcians.online/www/vendor/laravel/framework/src/Illuminate/Foundation/Http/Kernel.php(111): Illuminate\\Foundation\\Http\\Kernel->sendRequestThroughRouter(Object(Illuminate\\Http\\Request))
#33 /home/malcian/malcians.online/www/public/index.php(54): Illuminate\\Foundation\\Http\\Kernel->handle(Object(Illuminate\\Http\\Request))
#34 {main}

[previous exception] [object] (ReflectionException(code: -1): Class \"App\\Http\\Controllers\\DailyController\" does not exist at /home/malcian/malcians.online/www/vendor/laravel/framework/src/Illuminate/Container/Container.php:877)
[stacktrace]
#0 /home/malcian/malcians.online/www/vendor/laravel/framework/src/Illuminate/Container/Container.php(877): ReflectionClass->__construct('App\\\\Http\\\\Contro...')
#1 /home/malcian/malcians.online/www/vendor/laravel/framework/src/Illuminate/Container/Container.php(758): Illuminate\\Container\\Container->build('App\\\\Http\\\\Contro...')
#2 /home/malcian/malcians.online/www/vendor/laravel/framework/src/Illuminate/Foundation/Application.php(853): Illuminate\\Container\\Container->resolve('App\\\\Http\\\\Contro...', Array, true)
#3 /home/malcian/malcians.online/www/vendor/laravel/framework/src/Illuminate/Container/Container.php(694): Illuminate\\Foundation\\Application->resolve('App\\\\Http\\\\Contro...', Array)
#4 /home/malcian/malcians.online/www/vendor/laravel/framework/src/Illuminate/Foundation/Application.php(838): Illuminate\\Container\\Container->make('App\\\\Http\\\\Contro...', Array)
#5 /home/malcian/malcians.online/www/vendor/laravel/framework/src/Illuminate/Routing/Route.php(276): Illuminate\\Foundation\\Application->make('App\\\\Http\\\\Contro...')
#6 /home/malcian/malcians.online/www/vendor/laravel/framework/src/Illuminate/Routing/Route.php(1080): Illuminate\\Routing\\Route->getController()
#7 /home/malcian/malcians.online/www/vendor/laravel/framework/src/Illuminate/Routing/Route.php(1023): Illuminate\\Routing\\Route->controllerMiddleware()
#8 /home/malcian/malcians.online/www/vendor/laravel/framework/src/Illuminate/Routing/Router.php(734): Illuminate\\Routing\\Route->gatherMiddleware()
#9 /home/malcian/malcians.online/www/vendor/laravel/framework/src/Illuminate/Routing/Router.php(714): Illuminate\\Routing\\Router->gatherRouteMiddleware(Object(Illuminate\\Routing\\Route))
#10 /home/malcian/malcians.online/www/vendor/laravel/framework/src/Illuminate/Routing/Router.php(698): Illuminate\\Routing\\Router->runRouteWithinStack(Object(Illuminate\\Routing\\Route), Object(Illuminate\\Http\\Request))
#11 /home/malcian/malcians.online/www/vendor/laravel/framework/src/Illuminate/Routing/Router.php(662): Illuminate\\Routing\\Router->runRoute(Object(Illuminate\\Http\\Request), Object(Illuminate\\Routing\\Route))
#12 /home/malcian/malcians.online/www/vendor/laravel/framework/src/Illuminate/Routing/Router.php(651): Illuminate\\Routing\\Router->dispatchToRoute(Object(Illuminate\\Http\\Request))
#13 /home/malcian/malcians.online/www/vendor/laravel/framework/src/Illuminate/Foundation/Http/Kernel.php(167): Illuminate\\Routing\\Router->dispatch(Object(Illuminate\\Http\\Request))
#14 /home/malcian/malcians.online/www/vendor/laravel/framework/src/Illuminate/Pipeline/Pipeline.php(128): Illuminate\\Foundation\\Http\\Kernel->Illuminate\\Foundation\\Http\\{closure}(Object(Illuminate\\Http\\Request))
#15 /home/malcian/malcians.online/www/app/Http/Middleware/SanitizeEmails.php(29): Illuminate\\Pipeline\\Pipeline->Illuminate\\Pipeline\\{closure}(Object(Illuminate\\Http\\Request))
#16 /home/malcian/malcians.online/www/vendor/laravel/framework/src/Illuminate/Pipeline/Pipeline.php(167): App\\Http\\Middleware\\SanitizeEmails->handle(Object(Illuminate\\Http\\Request), Object(Closure))
#17 /home/malcian/malcians.online/www/app/Http/Middleware/ParsePostRequestFields.php(42): Illuminate\\Pipeline\\Pipeline->Illuminate\\Pipeline\\{closure}(Object(Illuminate\\Http\\Request))
#18 /home/malcian/malcians.online/www/vendor/laravel/framework/src/Illuminate/Pipeline/Pipeline.php(167): App\\Http\\Middleware\\ParsePostRequestFields->handle(Object(Illuminate\\Http\\Request), Object(Closure))
#19 /home/malcian/malcians.online/www/vendor/fideloper/proxy/src/TrustProxies.php(57): Illuminate\\Pipeline\\Pipeline->Illuminate\\Pipeline\\{closure}(Object(Illuminate\\Http\\Request))
#20 /home/malcian/malcians.online/www/vendor/laravel/framework/src/Illuminate/Pipeline/Pipeline.php(167): Fideloper\\Proxy\\TrustProxies->handle(Object(Illuminate\\Http\\Request), Object(Closure))
#21 /home/malcian/malcians.online/www/vendor/laravel/framework/src/Illuminate/Foundation/Http/Middleware/TransformsRequest.php(21): Illuminate\\Pipeline\\Pipeline->Illuminate\\Pipeline\\{closure}(Object(Illuminate\\Http\\Request))
#22 /home/malcian/malcians.online/www/vendor/laravel/framework/src/Illuminate/Foundation/Http/Middleware/ConvertEmptyStringsToNull.php(31): Illuminate\\Foundation\\Http\\Middleware\\TransformsRequest->handle(Object(Illuminate\\Http\\Request), Object(Closure))
#23 /home/malcian/malcians.online/www/vendor/laravel/framework/src/Illuminate/Pipeline/Pipeline.php(167): Illuminate\\Foundation\\Http\\Middleware\\ConvertEmptyStringsToNull->handle(Object(Illuminate\\Http\\Request), Object(Closure))
#24 /home/malcian/malcians.online/www/vendor/laravel/framework/src/Illuminate/Foundation/Http/Middleware/TransformsRequest.php(21): Illuminate\\Pipeline\\Pipeline->Illuminate\\Pipeline\\{closure}(Object(Illuminate\\Http\\Request))
#25 /home/malcian/malcians.online/www/vendor/laravel/framework/src/Illuminate/Foundation/Http/Middleware/TrimStrings.php(40): Illuminate\\Foundation\\Http\\Middleware\\TransformsRequest->handle(Object(Illuminate\\Http\\Request), Object(Closure))
#26 /home/malcian/malcians.online/www/vendor/laravel/framework/src/Illuminate/Pipeline/Pipeline.php(167): Illuminate\\Foundation\\Http\\Middleware\\TrimStrings->handle(Object(Illuminate\\Http\\Request), Object(Closure))
#27 /home/malcian/malcians.online/www/vendor/laravel/framework/src/Illuminate/Foundation/Http/Middleware/ValidatePostSize.php(27): Illuminate\\Pipeline\\Pipeline->Illuminate\\Pipeline\\{closure}(Object(Illuminate\\Http\\Request))
#28 /home/malcian/malcians.online/www/vendor/laravel/framework/src/Illuminate/Pipeline/Pipeline.php(167): Illuminate\\Foundation\\Http\\Middleware\\ValidatePostSize->handle(Object(Illuminate\\Http\\Request), Object(Closure))
#29 /home/malcian/malcians.online/www/vendor/laravel/framework/src/Illuminate/Foundation/Http/Middleware/PreventRequestsDuringMaintenance.php(86): Illuminate\\Pipeline\\Pipeline->Illuminate\\Pipeline\\{closure}(Object(Illuminate\\Http\\Request))
#30 /home/malcian/malcians.online/www/vendor/laravel/framework/src/Illuminate/Pipeline/Pipeline.php(167): Illuminate\\Foundation\\Http\\Middleware\\PreventRequestsDuringMaintenance->handle(Object(Illuminate\\Http\\Request), Object(Closure))
#31 /home/malcian/malcians.online/www/vendor/laravel/framework/src/Illuminate/Pipeline/Pipeline.php(103): Illuminate\\Pipeline\\Pipeline->Illuminate\\Pipeline\\{closure}(Object(Illuminate\\Http\\Request))
#32 /home/malcian/malcians.online/www/vendor/laravel/framework/src/Illuminate/Foundation/Http/Kernel.php(142): Illuminate\\Pipeline\\Pipeline->then(Object(Closure))
#33 /home/malcian/malcians.online/www/vendor/laravel/framework/src/Illuminate/Foundation/Http/Kernel.php(111): Illuminate\\Foundation\\Http\\Kernel->sendRequestThroughRouter(Object(Illuminate\\Http\\Request))
#34 /home/malcian/malcians.online/www/public/index.php(54): Illuminate\\Foundation\\Http\\Kernel->handle(Object(Illuminate\\Http\\Request))
#35 {main}
"} 
[2026-06-30 19:58:34] production.ERROR: Target class [App\Http\Controllers\DailyController] does not exist. {"exception":"[object] (Illuminate\\Contracts\\Container\\BindingResolutionException(code: 0): Target class [App\\Http\\Controllers\\DailyController] does not exist. at /home/malcian/malcians.online/www/vendor/laravel/framework/src/Illuminate/Container/Container.php:879)
[stacktrace]
#0 /home/malcian/malcians.online/www/vendor/laravel/framework/src/Illuminate/Container/Container.php(758): Illuminate\\Container\\Container->build('App\\\\Http\\\\Contro...')
#1 /home/malcian/malcians.online/www/vendor/laravel/framework/src/Illuminate/Foundation/Application.php(853): Illuminate\\Container\\Container->resolve('App\\\\Http\\\\Contro...', Array, true)
#2 /home/malcian/malcians.online/www/vendor/laravel/framework/src/Illuminate/Container/Container.php(694): Illuminate\\Foundation\\Application->resolve('App\\\\Http\\\\Contro...', Array)
#3 /home/malcian/malcians.online/www/vendor/laravel/framework/src/Illuminate/Foundation/Application.php(838): Illuminate\\Container\\Container->make('App\\\\Http\\\\Contro...', Array)
#4 /home/malcian/malcians.online/www/vendor/laravel/framework/src/Illuminate/Routing/Route.php(276): Illuminate\\Foundation\\Application->make('App\\\\Http\\\\Contro...')
#5 /home/malcian/malcians.online/www/vendor/laravel/framework/src/Illuminate/Routing/Route.php(1080): Illuminate\\Routing\\Route->getController()
#6 /home/malcian/malcians.online/www/vendor/laravel/framework/src/Illuminate/Routing/Route.php(1023): Illuminate\\Routing\\Route->controllerMiddleware()
#7 /home/malcian/malcians.online/www/vendor/laravel/framework/src/Illuminate/Routing/Router.php(734): Illuminate\\Routing\\Route->gatherMiddleware()
#8 /home/malcian/malcians.online/www/vendor/laravel/framework/src/Illuminate/Routing/Router.php(714): Illuminate\\Routing\\Router->gatherRouteMiddleware(Object(Illuminate\\Routing\\Route))
#9 /home/malcian/malcians.online/www/vendor/laravel/framework/src/Illuminate/Routing/Router.php(698): Illuminate\\Routing\\Router->runRouteWithinStack(Object(Illuminate\\Routing\\Route), Object(Illuminate\\Http\\Request))
#10 /home/malcian/malcians.online/www/vendor/laravel/framework/src/Illuminate/Routing/Router.php(662): Illuminate\\Routing\\Router->runRoute(Object(Illuminate\\Http\\Request), Object(Illuminate\\Routing\\Route))
#11 /home/malcian/malcians.online/www/vendor/laravel/framework/src/Illuminate/Routing/Router.php(651): Illuminate\\Routing\\Router->dispatchToRoute(Object(Illuminate\\Http\\Request))
#12 /home/malcian/malcians.online/www/vendor/laravel/framework/src/Illuminate/Foundation/Http/Kernel.php(167): Illuminate\\Routing\\Router->dispatch(Object(Illuminate\\Http\\Request))
#13 /home/malcian/malcians.online/www/vendor/laravel/framework/src/Illuminate/Pipeline/Pipeline.php(128): Illuminate\\Foundation\\Http\\Kernel->Illuminate\\Foundation\\Http\\{closure}(Object(Illuminate\\Http\\Request))
#14 /home/malcian/malcians.online/www/app/Http/Middleware/SanitizeEmails.php(29): Illuminate\\Pipeline\\Pipeline->Illuminate\\Pipeline\\{closure}(Object(Illuminate\\Http\\Request))
#15 /home/malcian/malcians.online/www/vendor/laravel/framework/src/Illuminate/Pipeline/Pipeline.php(167): App\\Http\\Middleware\\SanitizeEmails->handle(Object(Illuminate\\Http\\Request), Object(Closure))
#16 /home/malcian/malcians.online/www/app/Http/Middleware/ParsePostRequestFields.php(42): Illuminate\\Pipeline\\Pipeline->Illuminate\\Pipeline\\{closure}(Object(Illuminate\\Http\\Request))
#17 /home/malcian/malcians.online/www/vendor/laravel/framework/src/Illuminate/Pipeline/Pipeline.php(167): App\\Http\\Middleware\\ParsePostRequestFields->handle(Object(Illuminate\\Http\\Request), Object(Closure))
#18 /home/malcian/malcians.online/www/vendor/fideloper/proxy/src/TrustProxies.php(57): Illuminate\\Pipeline\\Pipeline->Illuminate\\Pipeline\\{closure}(Object(Illuminate\\Http\\Request))
#19 /home/malcian/malcians.online/www/vendor/laravel/framework/src/Illuminate/Pipeline/Pipeline.php(167): Fideloper\\Proxy\\TrustProxies->handle(Object(Illuminate\\Http\\Request), Object(Closure))
#20 /home/malcian/malcians.online/www/vendor/laravel/framework/src/Illuminate/Foundation/Http/Middleware/TransformsRequest.php(21): Illuminate\\Pipeline\\Pipeline->Illuminate\\Pipeline\\{closure}(Object(Illuminate\\Http\\Request))
#21 /home/malcian/malcians.online/www/vendor/laravel/framework/src/Illuminate/Foundation/Http/Middleware/ConvertEmptyStringsToNull.php(31): Illuminate\\Foundation\\Http\\Middleware\\TransformsRequest->handle(Object(Illuminate\\Http\\Request), Object(Closure))
#22 /home/malcian/malcians.online/www/vendor/laravel/framework/src/Illuminate/Pipeline/Pipeline.php(167): Illuminate\\Foundation\\Http\\Middleware\\ConvertEmptyStringsToNull->handle(Object(Illuminate\\Http\\Request), Object(Closure))
#23 /home/malcian/malcians.online/www/vendor/laravel/framework/src/Illuminate/Foundation/Http/Middleware/TransformsRequest.php(21): Illuminate\\Pipeline\\Pipeline->Illuminate\\Pipeline\\{closure}(Object(Illuminate\\Http\\Request))
#24 /home/malcian/malcians.online/www/vendor/laravel/framework/src/Illuminate/Foundation/Http/Middleware/TrimStrings.php(40): Illuminate\\Foundation\\Http\\Middleware\\TransformsRequest->handle(Object(Illuminate\\Http\\Request), Object(Closure))
#25 /home/malcian/malcians.online/www/vendor/laravel/framework/src/Illuminate/Pipeline/Pipeline.php(167): Illuminate\\Foundation\\Http\\Middleware\\TrimStrings->handle(Object(Illuminate\\Http\\Request), Object(Closure))
#26 /home/malcian/malcians.online/www/vendor/laravel/framework/src/Illuminate/Foundation/Http/Middleware/ValidatePostSize.php(27): Illuminate\\Pipeline\\Pipeline->Illuminate\\Pipeline\\{closure}(Object(Illuminate\\Http\\Request))
#27 /home/malcian/malcians.online/www/vendor/laravel/framework/src/Illuminate/Pipeline/Pipeline.php(167): Illuminate\\Foundation\\Http\\Middleware\\ValidatePostSize->handle(Object(Illuminate\\Http\\Request), Object(Closure))
#28 /home/malcian/malcians.online/www/vendor/laravel/framework/src/Illuminate/Foundation/Http/Middleware/PreventRequestsDuringMaintenance.php(86): Illuminate\\Pipeline\\Pipeline->Illuminate\\Pipeline\\{closure}(Object(Illuminate\\Http\\Request))
#29 /home/malcian/malcians.online/www/vendor/laravel/framework/src/Illuminate/Pipeline/Pipeline.php(167): Illuminate\\Foundation\\Http\\Middleware\\PreventRequestsDuringMaintenance->handle(Object(Illuminate\\Http\\Request), Object(Closure))
#30 /home/malcian/malcians.online/www/vendor/laravel/framework/src/Illuminate/Pipeline/Pipeline.php(103): Illuminate\\Pipeline\\Pipeline->Illuminate\\Pipeline\\{closure}(Object(Illuminate\\Http\\Request))
#31 /home/malcian/malcians.online/www/vendor/laravel/framework/src/Illuminate/Foundation/Http/Kernel.php(142): Illuminate\\Pipeline\\Pipeline->then(Object(Closure))
#32 /home/malcian/malcians.online/www/vendor/laravel/framework/src/Illuminate/Foundation/Http/Kernel.php(111): Illuminate\\Foundation\\Http\\Kernel->sendRequestThroughRouter(Object(Illuminate\\Http\\Request))
#33 /home/malcian/malcians.online/www/public/index.php(54): Illuminate\\Foundation\\Http\\Kernel->handle(Object(Illuminate\\Http\\Request))
#34 {main}

[previous exception] [object] (ReflectionException(code: -1): Class \"App\\Http\\Controllers\\DailyController\" does not exist at /home/malcian/malcians.online/www/vendor/laravel/framework/src/Illuminate/Container/Container.php:877)
[stacktrace]
#0 /home/malcian/malcians.online/www/vendor/laravel/framework/src/Illuminate/Container/Container.php(877): ReflectionClass->__construct('App\\\\Http\\\\Contro...')
#1 /home/malcian/malcians.online/www/vendor/laravel/framework/src/Illuminate/Container/Container.php(758): Illuminate\\Container\\Container->build('App\\\\Http\\\\Contro...')
#2 /home/malcian/malcians.online/www/vendor/laravel/framework/src/Illuminate/Foundation/Application.php(853): Illuminate\\Container\\Container->resolve('App\\\\Http\\\\Contro...', Array, true)
#3 /home/malcian/malcians.online/www/vendor/laravel/framework/src/Illuminate/Container/Container.php(694): Illuminate\\Foundation\\Application->resolve('App\\\\Http\\\\Contro...', Array)
#4 /home/malcian/malcians.online/www/vendor/laravel/framework/src/Illuminate/Foundation/Application.php(838): Illuminate\\Container\\Container->make('App\\\\Http\\\\Contro...', Array)
#5 /home/malcian/malcians.online/www/vendor/laravel/framework/src/Illuminate/Routing/Route.php(276): Illuminate\\Foundation\\Application->make('App\\\\Http\\\\Contro...')
#6 /home/malcian/malcians.online/www/vendor/laravel/framework/src/Illuminate/Routing/Route.php(1080): Illuminate\\Routing\\Route->getController()
#7 /home/malcian/malcians.online/www/vendor/laravel/framework/src/Illuminate/Routing/Route.php(1023): Illuminate\\Routing\\Route->controllerMiddleware()
#8 /home/malcian/malcians.online/www/vendor/laravel/framework/src/Illuminate/Routing/Router.php(734): Illuminate\\Routing\\Route->gatherMiddleware()
#9 /home/malcian/malcians.online/www/vendor/laravel/framework/src/Illuminate/Routing/Router.php(714): Illuminate\\Routing\\Router->gatherRouteMiddleware(Object(Illuminate\\Routing\\Route))
#10 /home/malcian/malcians.online/www/vendor/laravel/framework/src/Illuminate/Routing/Router.php(698): Illuminate\\Routing\\Router->runRouteWithinStack(Object(Illuminate\\Routing\\Route), Object(Illuminate\\Http\\Request))
#11 /home/malcian/malcians.online/www/vendor/laravel/framework/src/Illuminate/Routing/Router.php(662): Illuminate\\Routing\\Router->runRoute(Object(Illuminate\\Http\\Request), Object(Illuminate\\Routing\\Route))
#12 /home/malcian/malcians.online/www/vendor/laravel/framework/src/Illuminate/Routing/Router.php(651): Illuminate\\Routing\\Router->dispatchToRoute(Object(Illuminate\\Http\\Request))
#13 /home/malcian/malcians.online/www/vendor/laravel/framework/src/Illuminate/Foundation/Http/Kernel.php(167): Illuminate\\Routing\\Router->dispatch(Object(Illuminate\\Http\\Request))
#14 /home/malcian/malcians.online/www/vendor/laravel/framework/src/Illuminate/Pipeline/Pipeline.php(128): Illuminate\\Foundation\\Http\\Kernel->Illuminate\\Foundation\\Http\\{closure}(Object(Illuminate\\Http\\Request))
#15 /home/malcian/malcians.online/www/app/Http/Middleware/SanitizeEmails.php(29): Illuminate\\Pipeline\\Pipeline->Illuminate\\Pipeline\\{closure}(Object(Illuminate\\Http\\Request))
#16 /home/malcian/malcians.online/www/vendor/laravel/framework/src/Illuminate/Pipeline/Pipeline.php(167): App\\Http\\Middleware\\SanitizeEmails->handle(Object(Illuminate\\Http\\Request), Object(Closure))
#17 /home/malcian/malcians.online/www/app/Http/Middleware/ParsePostRequestFields.php(42): Illuminate\\Pipeline\\Pipeline->Illuminate\\Pipeline\\{closure}(Object(Illuminate\\Http\\Request))
#18 /home/malcian/malcians.online/www/vendor/laravel/framework/src/Illuminate/Pipeline/Pipeline.php(167): App\\Http\\Middleware\\ParsePostRequestFields->handle(Object(Illuminate\\Http\\Request), Object(Closure))
#19 /home/malcian/malcians.online/www/vendor/fideloper/proxy/src/TrustProxies.php(57): Illuminate\\Pipeline\\Pipeline->Illuminate\\Pipeline\\{closure}(Object(Illuminate\\Http\\Request))
#20 /home/malcian/malcians.online/www/vendor/laravel/framework/src/Illuminate/Pipeline/Pipeline.php(167): Fideloper\\Proxy\\TrustProxies->handle(Object(Illuminate\\Http\\Request), Object(Closure))
#21 /home/malcian/malcians.online/www/vendor/laravel/framework/src/Illuminate/Foundation/Http/Middleware/TransformsRequest.php(21): Illuminate\\Pipeline\\Pipeline->Illuminate\\Pipeline\\{closure}(Object(Illuminate\\Http\\Request))
#22 /home/malcian/malcians.online/www/vendor/laravel/framework/src/Illuminate/Foundation/Http/Middleware/ConvertEmptyStringsToNull.php(31): Illuminate\\Foundation\\Http\\Middleware\\TransformsRequest->handle(Object(Illuminate\\Http\\Request), Object(Closure))
#23 /home/malcian/malcians.online/www/vendor/laravel/framework/src/Illuminate/Pipeline/Pipeline.php(167): Illuminate\\Foundation\\Http\\Middleware\\ConvertEmptyStringsToNull->handle(Object(Illuminate\\Http\\Request), Object(Closure))
#24 /home/malcian/malcians.online/www/vendor/laravel/framework/src/Illuminate/Foundation/Http/Middleware/TransformsRequest.php(21): Illuminate\\Pipeline\\Pipeline->Illuminate\\Pipeline\\{closure}(Object(Illuminate\\Http\\Request))
#25 /home/malcian/malcians.online/www/vendor/laravel/framework/src/Illuminate/Foundation/Http/Middleware/TrimStrings.php(40): Illuminate\\Foundation\\Http\\Middleware\\TransformsRequest->handle(Object(Illuminate\\Http\\Request), Object(Closure))
#26 /home/malcian/malcians.online/www/vendor/laravel/framework/src/Illuminate/Pipeline/Pipeline.php(167): Illuminate\\Foundation\\Http\\Middleware\\TrimStrings->handle(Object(Illuminate\\Http\\Request), Object(Closure))
#27 /home/malcian/malcians.online/www/vendor/laravel/framework/src/Illuminate/Foundation/Http/Middleware/ValidatePostSize.php(27): Illuminate\\Pipeline\\Pipeline->Illuminate\\Pipeline\\{closure}(Object(Illuminate\\Http\\Request))
#28 /home/malcian/malcians.online/www/vendor/laravel/framework/src/Illuminate/Pipeline/Pipeline.php(167): Illuminate\\Foundation\\Http\\Middleware\\ValidatePostSize->handle(Object(Illuminate\\Http\\Request), Object(Closure))
#29 /home/malcian/malcians.online/www/vendor/laravel/framework/src/Illuminate/Foundation/Http/Middleware/PreventRequestsDuringMaintenance.php(86): Illuminate\\Pipeline\\Pipeline->Illuminate\\Pipeline\\{closure}(Object(Illuminate\\Http\\Request))
#30 /home/malcian/malcians.online/www/vendor/laravel/framework/src/Illuminate/Pipeline/Pipeline.php(167): Illuminate\\Foundation\\Http\\Middleware\\PreventRequestsDuringMaintenance->handle(Object(Illuminate\\Http\\Request), Object(Closure))
#31 /home/malcian/malcians.online/www/vendor/laravel/framework/src/Illuminate/Pipeline/Pipeline.php(103): Illuminate\\Pipeline\\Pipeline->Illuminate\\Pipeline\\{closure}(Object(Illuminate\\Http\\Request))
#32 /home/malcian/malcians.online/www/vendor/laravel/framework/src/Illuminate/Foundation/Http/Kernel.php(142): Illuminate\\Pipeline\\Pipeline->then(Object(Closure))
#33 /home/malcian/malcians.online/www/vendor/laravel/framework/src/Illuminate/Foundation/Http/Kernel.php(111): Illuminate\\Foundation\\Http\\Kernel->sendRequestThroughRouter(Object(Illuminate\\Http\\Request))
#34 /home/malcian/malcians.online/www/public/index.php(54): Illuminate\\Foundation\\Http\\Kernel->handle(Object(Illuminate\\Http\\Request))
#35 {main}
"} 
[2026-06-30 19:58:39] production.ERROR: Target class [App\Http\Controllers\Admin\Data\DailyController] does not exist. {"exception":"[object] (Illuminate\\Contracts\\Container\\BindingResolutionException(code: 0): Target class [App\\Http\\Controllers\\Admin\\Data\\DailyController] does not exist. at /home/malcian/malcians.online/www/vendor/laravel/framework/src/Illuminate/Container/Container.php:879)
[stacktrace]
#0 /home/malcian/malcians.online/www/vendor/laravel/framework/src/Illuminate/Container/Container.php(758): Illuminate\\Container\\Container->build('App\\\\Http\\\\Contro...')
#1 /home/malcian/malcians.online/www/vendor/laravel/framework/src/Illuminate/Foundation/Application.php(853): Illuminate\\Container\\Container->resolve('App\\\\Http\\\\Contro...', Array, true)
#2 /home/malcian/malcians.online/www/vendor/laravel/framework/src/Illuminate/Container/Container.php(694): Illuminate\\Foundation\\Application->resolve('App\\\\Http\\\\Contro...', Array)
#3 /home/malcian/malcians.online/www/vendor/laravel/framework/src/Illuminate/Foundation/Application.php(838): Illuminate\\Container\\Container->make('App\\\\Http\\\\Contro...', Array)
#4 /home/malcian/malcians.online/www/vendor/laravel/framework/src/Illuminate/Routing/Route.php(276): Illuminate\\Foundation\\Application->make('App\\\\Http\\\\Contro...')
#5 /home/malcian/malcians.online/www/vendor/laravel/framework/src/Illuminate/Routing/Route.php(1080): Illuminate\\Routing\\Route->getController()
#6 /home/malcian/malcians.online/www/vendor/laravel/framework/src/Illuminate/Routing/Route.php(1023): Illuminate\\Routing\\Route->controllerMiddleware()
#7 /home/malcian/malcians.online/www/vendor/laravel/framework/src/Illuminate/Routing/Router.php(734): Illuminate\\Routing\\Route->gatherMiddleware()
#8 /home/malcian/malcians.online/www/vendor/laravel/framework/src/Illuminate/Routing/Router.php(714): Illuminate\\Routing\\Router->gatherRouteMiddleware(Object(Illuminate\\Routing\\Route))
#9 /home/malcian/malcians.online/www/vendor/laravel/framework/src/Illuminate/Routing/Router.php(698): Illuminate\\Routing\\Router->runRouteWithinStack(Object(Illuminate\\Routing\\Route), Object(Illuminate\\Http\\Request))
#10 /home/malcian/malcians.online/www/vendor/laravel/framework/src/Illuminate/Routing/Router.php(662): Illuminate\\Routing\\Router->runRoute(Object(Illuminate\\Http\\Request), Object(Illuminate\\Routing\\Route))
#11 /home/malcian/malcians.online/www/vendor/laravel/framework/src/Illuminate/Routing/Router.php(651): Illuminate\\Routing\\Router->dispatchToRoute(Object(Illuminate\\Http\\Request))
#12 /home/malcian/malcians.online/www/vendor/laravel/framework/src/Illuminate/Foundation/Http/Kernel.php(167): Illuminate\\Routing\\Router->dispatch(Object(Illuminate\\Http\\Request))
#13 /home/malcian/malcians.online/www/vendor/laravel/framework/src/Illuminate/Pipeline/Pipeline.php(128): Illuminate\\Foundation\\Http\\Kernel->Illuminate\\Foundation\\Http\\{closure}(Object(Illuminate\\Http\\Request))
#14 /home/malcian/malcians.online/www/app/Http/Middleware/SanitizeEmails.php(29): Illuminate\\Pipeline\\Pipeline->Illuminate\\Pipeline\\{closure}(Object(Illuminate\\Http\\Request))
#15 /home/malcian/malcians.online/www/vendor/laravel/framework/src/Illuminate/Pipeline/Pipeline.php(167): App\\Http\\Middleware\\SanitizeEmails->handle(Object(Illuminate\\Http\\Request), Object(Closure))
#16 /home/malcian/malcians.online/www/app/Http/Middleware/ParsePostRequestFields.php(42): Illuminate\\Pipeline\\Pipeline->Illuminate\\Pipeline\\{closure}(Object(Illuminate\\Http\\Request))
#17 /home/malcian/malcians.online/www/vendor/laravel/framework/src/Illuminate/Pipeline/Pipeline.php(167): App\\Http\\Middleware\\ParsePostRequestFields->handle(Object(Illuminate\\Http\\Request), Object(Closure))
#18 /home/malcian/malcians.online/www/vendor/fideloper/proxy/src/TrustProxies.php(57): Illuminate\\Pipeline\\Pipeline->Illuminate\\Pipeline\\{closure}(Object(Illuminate\\Http\\Request))
#19 /home/malcian/malcians.online/www/vendor/laravel/framework/src/Illuminate/Pipeline/Pipeline.php(167): Fideloper\\Proxy\\TrustProxies->handle(Object(Illuminate\\Http\\Request), Object(Closure))
#20 /home/malcian/malcians.online/www/vendor/laravel/framework/src/Illuminate/Foundation/Http/Middleware/TransformsRequest.php(21): Illuminate\\Pipeline\\Pipeline->Illuminate\\Pipeline\\{closure}(Object(Illuminate\\Http\\Request))
#21 /home/malcian/malcians.online/www/vendor/laravel/framework/src/Illuminate/Foundation/Http/Middleware/ConvertEmptyStringsToNull.php(31): Illuminate\\Foundation\\Http\\Middleware\\TransformsRequest->handle(Object(Illuminate\\Http\\Request), Object(Closure))
#22 /home/malcian/malcians.online/www/vendor/laravel/framework/src/Illuminate/Pipeline/Pipeline.php(167): Illuminate\\Foundation\\Http\\Middleware\\ConvertEmptyStringsToNull->handle(Object(Illuminate\\Http\\Request), Object(Closure))
#23 /home/malcian/malcians.online/www/vendor/laravel/framework/src/Illuminate/Foundation/Http/Middleware/TransformsRequest.php(21): Illuminate\\Pipeline\\Pipeline->Illuminate\\Pipeline\\{closure}(Object(Illuminate\\Http\\Request))
#24 /home/malcian/malcians.online/www/vendor/laravel/framework/src/Illuminate/Foundation/Http/Middleware/TrimStrings.php(40): Illuminate\\Foundation\\Http\\Middleware\\TransformsRequest->handle(Object(Illuminate\\Http\\Request), Object(Closure))
#25 /home/malcian/malcians.online/www/vendor/laravel/framework/src/Illuminate/Pipeline/Pipeline.php(167): Illuminate\\Foundation\\Http\\Middleware\\TrimStrings->handle(Object(Illuminate\\Http\\Request), Object(Closure))
#26 /home/malcian/malcians.online/www/vendor/laravel/framework/src/Illuminate/Foundation/Http/Middleware/ValidatePostSize.php(27): Illuminate\\Pipeline\\Pipeline->Illuminate\\Pipeline\\{closure}(Object(Illuminate\\Http\\Request))
#27 /home/malcian/malcians.online/www/vendor/laravel/framework/src/Illuminate/Pipeline/Pipeline.php(167): Illuminate\\Foundation\\Http\\Middleware\\ValidatePostSize->handle(Object(Illuminate\\Http\\Request), Object(Closure))
#28 /home/malcian/malcians.online/www/vendor/laravel/framework/src/Illuminate/Foundation/Http/Middleware/PreventRequestsDuringMaintenance.php(86): Illuminate\\Pipeline\\Pipeline->Illuminate\\Pipeline\\{closure}(Object(Illuminate\\Http\\Request))
#29 /home/malcian/malcians.online/www/vendor/laravel/framework/src/Illuminate/Pipeline/Pipeline.php(167): Illuminate\\Foundation\\Http\\Middleware\\PreventRequestsDuringMaintenance->handle(Object(Illuminate\\Http\\Request), Object(Closure))
#30 /home/malcian/malcians.online/www/vendor/laravel/framework/src/Illuminate/Pipeline/Pipeline.php(103): Illuminate\\Pipeline\\Pipeline->Illuminate\\Pipeline\\{closure}(Object(Illuminate\\Http\\Request))
#31 /home/malcian/malcians.online/www/vendor/laravel/framework/src/Illuminate/Foundation/Http/Kernel.php(142): Illuminate\\Pipeline\\Pipeline->then(Object(Closure))
#32 /home/malcian/malcians.online/www/vendor/laravel/framework/src/Illuminate/Foundation/Http/Kernel.php(111): Illuminate\\Foundation\\Http\\Kernel->sendRequestThroughRouter(Object(Illuminate\\Http\\Request))
#33 /home/malcian/malcians.online/www/public/index.php(54): Illuminate\\Foundation\\Http\\Kernel->handle(Object(Illuminate\\Http\\Request))
#34 {main}

[previous exception] [object] (ReflectionException(code: -1): Class \"App\\Http\\Controllers\\Admin\\Data\\DailyController\" does not exist at /home/malcian/malcians.online/www/vendor/laravel/framework/src/Illuminate/Container/Container.php:877)
[stacktrace]
#0 /home/malcian/malcians.online/www/vendor/laravel/framework/src/Illuminate/Container/Container.php(877): ReflectionClass->__construct('App\\\\Http\\\\Contro...')
#1 /home/malcian/malcians.online/www/vendor/laravel/framework/src/Illuminate/Container/Container.php(758): Illuminate\\Container\\Container->build('App\\\\Http\\\\Contro...')
#2 /home/malcian/malcians.online/www/vendor/laravel/framework/src/Illuminate/Foundation/Application.php(853): Illuminate\\Container\\Container->resolve('App\\\\Http\\\\Contro...', Array, true)
#3 /home/malcian/malcians.online/www/vendor/laravel/framework/src/Illuminate/Container/Container.php(694): Illuminate\\Foundation\\Application->resolve('App\\\\Http\\\\Contro...', Array)
#4 /home/malcian/malcians.online/www/vendor/laravel/framework/src/Illuminate/Foundation/Application.php(838): Illuminate\\Container\\Container->make('App\\\\Http\\\\Contro...', Array)
#5 /home/malcian/malcians.online/www/vendor/laravel/framework/src/Illuminate/Routing/Route.php(276): Illuminate\\Foundation\\Application->make('App\\\\Http\\\\Contro...')
#6 /home/malcian/malcians.online/www/vendor/laravel/framework/src/Illuminate/Routing/Route.php(1080): Illuminate\\Routing\\Route->getController()
#7 /home/malcian/malcians.online/www/vendor/laravel/framework/src/Illuminate/Routing/Route.php(1023): Illuminate\\Routing\\Route->controllerMiddleware()
#8 /home/malcian/malcians.online/www/vendor/laravel/framework/src/Illuminate/Routing/Router.php(734): Illuminate\\Routing\\Route->gatherMiddleware()
#9 /home/malcian/malcians.online/www/vendor/laravel/framework/src/Illuminate/Routing/Router.php(714): Illuminate\\Routing\\Router->gatherRouteMiddleware(Object(Illuminate\\Routing\\Route))
#10 /home/malcian/malcians.online/www/vendor/laravel/framework/src/Illuminate/Routing/Router.php(698): Illuminate\\Routing\\Router->runRouteWithinStack(Object(Illuminate\\Routing\\Route), Object(Illuminate\\Http\\Request))
#11 /home/malcian/malcians.online/www/vendor/laravel/framework/src/Illuminate/Routing/Router.php(662): Illuminate\\Routing\\Router->runRoute(Object(Illuminate\\Http\\Request), Object(Illuminate\\Routing\\Route))
#12 /home/malcian/malcians.online/www/vendor/laravel/framework/src/Illuminate/Routing/Router.php(651): Illuminate\\Routing\\Router->dispatchToRoute(Object(Illuminate\\Http\\Request))
#13 /home/malcian/malcians.online/www/vendor/laravel/framework/src/Illuminate/Foundation/Http/Kernel.php(167): Illuminate\\Routing\\Router->dispatch(Object(Illuminate\\Http\\Request))
#14 /home/malcian/malcians.online/www/vendor/laravel/framework/src/Illuminate/Pipeline/Pipeline.php(128): Illuminate\\Foundation\\Http\\Kernel->Illuminate\\Foundation\\Http\\{closure}(Object(Illuminate\\Http\\Request))
#15 /home/malcian/malcians.online/www/app/Http/Middleware/SanitizeEmails.php(29): Illuminate\\Pipeline\\Pipeline->Illuminate\\Pipeline\\{closure}(Object(Illuminate\\Http\\Request))
#16 /home/malcian/malcians.online/www/vendor/laravel/framework/src/Illuminate/Pipeline/Pipeline.php(167): App\\Http\\Middleware\\SanitizeEmails->handle(Object(Illuminate\\Http\\Request), Object(Closure))
#17 /home/malcian/malcians.online/www/app/Http/Middleware/ParsePostRequestFields.php(42): Illuminate\\Pipeline\\Pipeline->Illuminate\\Pipeline\\{closure}(Object(Illuminate\\Http\\Request))
#18 /home/malcian/malcians.online/www/vendor/laravel/framework/src/Illuminate/Pipeline/Pipeline.php(167): App\\Http\\Middleware\\ParsePostRequestFields->handle(Object(Illuminate\\Http\\Request), Object(Closure))
#19 /home/malcian/malcians.online/www/vendor/fideloper/proxy/src/TrustProxies.php(57): Illuminate\\Pipeline\\Pipeline->Illuminate\\Pipeline\\{closure}(Object(Illuminate\\Http\\Request))
#20 /home/malcian/malcians.online/www/vendor/laravel/framework/src/Illuminate/Pipeline/Pipeline.php(167): Fideloper\\Proxy\\TrustProxies->handle(Object(Illuminate\\Http\\Request), Object(Closure))
#21 /home/malcian/malcians.online/www/vendor/laravel/framework/src/Illuminate/Foundation/Http/Middleware/TransformsRequest.php(21): Illuminate\\Pipeline\\Pipeline->Illuminate\\Pipeline\\{closure}(Object(Illuminate\\Http\\Request))
#22 /home/malcian/malcians.online/www/vendor/laravel/framework/src/Illuminate/Foundation/Http/Middleware/ConvertEmptyStringsToNull.php(31): Illuminate\\Foundation\\Http\\Middleware\\TransformsRequest->handle(Object(Illuminate\\Http\\Request), Object(Closure))
#23 /home/malcian/malcians.online/www/vendor/laravel/framework/src/Illuminate/Pipeline/Pipeline.php(167): Illuminate\\Foundation\\Http\\Middleware\\ConvertEmptyStringsToNull->handle(Object(Illuminate\\Http\\Request), Object(Closure))
#24 /home/malcian/malcians.online/www/vendor/laravel/framework/src/Illuminate/Foundation/Http/Middleware/TransformsRequest.php(21): Illuminate\\Pipeline\\Pipeline->Illuminate\\Pipeline\\{closure}(Object(Illuminate\\Http\\Request))
#25 /home/malcian/malcians.online/www/vendor/laravel/framework/src/Illuminate/Foundation/Http/Middleware/TrimStrings.php(40): Illuminate\\Foundation\\Http\\Middleware\\TransformsRequest->handle(Object(Illuminate\\Http\\Request), Object(Closure))
#26 /home/malcian/malcians.online/www/vendor/laravel/framework/src/Illuminate/Pipeline/Pipeline.php(167): Illuminate\\Foundation\\Http\\Middleware\\TrimStrings->handle(Object(Illuminate\\Http\\Request), Object(Closure))
#27 /home/malcian/malcians.online/www/vendor/laravel/framework/src/Illuminate/Foundation/Http/Middleware/ValidatePostSize.php(27): Illuminate\\Pipeline\\Pipeline->Illuminate\\Pipeline\\{closure}(Object(Illuminate\\Http\\Request))
#28 /home/malcian/malcians.online/www/vendor/laravel/framework/src/Illuminate/Pipeline/Pipeline.php(167): Illuminate\\Foundation\\Http\\Middleware\\ValidatePostSize->handle(Object(Illuminate\\Http\\Request), Object(Closure))
#29 /home/malcian/malcians.online/www/vendor/laravel/framework/src/Illuminate/Foundation/Http/Middleware/PreventRequestsDuringMaintenance.php(86): Illuminate\\Pipeline\\Pipeline->Illuminate\\Pipeline\\{closure}(Object(Illuminate\\Http\\Request))
#30 /home/malcian/malcians.online/www/vendor/laravel/framework/src/Illuminate/Pipeline/Pipeline.php(167): Illuminate\\Foundation\\Http\\Middleware\\PreventRequestsDuringMaintenance->handle(Object(Illuminate\\Http\\Request), Object(Closure))
#31 /home/malcian/malcians.online/www/vendor/laravel/framework/src/Illuminate/Pipeline/Pipeline.php(103): Illuminate\\Pipeline\\Pipeline->Illuminate\\Pipeline\\{closure}(Object(Illuminate\\Http\\Request))
#32 /home/malcian/malcians.online/www/vendor/laravel/framework/src/Illuminate/Foundation/Http/Kernel.php(142): Illuminate\\Pipeline\\Pipeline->then(Object(Closure))
#33 /home/malcian/malcians.online/www/vendor/laravel/framework/src/Illuminate/Foundation/Http/Kernel.php(111): Illuminate\\Foundation\\Http\\Kernel->sendRequestThroughRouter(Object(Illuminate\\Http\\Request))
#34 /home/malcian/malcians.online/www/public/index.php(54): Illuminate\\Foundation\\Http\\Kernel->handle(Object(Illuminate\\Http\\Request))
#35 {main}
"} 
[2026-06-30 19:59:39] production.ERROR: Target class [App\Http\Controllers\Admin\Data\DailyController] does not exist. {"exception":"[object] (Illuminate\\Contracts\\Container\\BindingResolutionException(code: 0): Target class [App\\Http\\Controllers\\Admin\\Data\\DailyController] does not exist. at /home/malcian/malcians.online/www/vendor/laravel/framework/src/Illuminate/Container/Container.php:879)
[stacktrace]
#0 /home/malcian/malcians.online/www/vendor/laravel/framework/src/Illuminate/Container/Container.php(758): Illuminate\\Container\\Container->build('App\\\\Http\\\\Contro...')
#1 /home/malcian/malcians.online/www/vendor/laravel/framework/src/Illuminate/Foundation/Application.php(853): Illuminate\\Container\\Container->resolve('App\\\\Http\\\\Contro...', Array, true)
#2 /home/malcian/malcians.online/www/vendor/laravel/framework/src/Illuminate/Container/Container.php(694): Illuminate\\Foundation\\Application->resolve('App\\\\Http\\\\Contro...', Array)
#3 /home/malcian/malcians.online/www/vendor/laravel/framework/src/Illuminate/Foundation/Application.php(838): Illuminate\\Container\\Container->make('App\\\\Http\\\\Contro...', Array)
#4 /home/malcian/malcians.online/www/vendor/laravel/framework/src/Illuminate/Routing/Route.php(276): Illuminate\\Foundation\\Application->make('App\\\\Http\\\\Contro...')
#5 /home/malcian/malcians.online/www/vendor/laravel/framework/src/Illuminate/Routing/Route.php(1080): Illuminate\\Routing\\Route->getController()
#6 /home/malcian/malcians.online/www/vendor/laravel/framework/src/Illuminate/Routing/Route.php(1023): Illuminate\\Routing\\Route->controllerMiddleware()
#7 /home/malcian/malcians.online/www/vendor/laravel/framework/src/Illuminate/Routing/Router.php(734): Illuminate\\Routing\\Route->gatherMiddleware()
#8 /home/malcian/malcians.online/www/vendor/laravel/framework/src/Illuminate/Routing/Router.php(714): Illuminate\\Routing\\Router->gatherRouteMiddleware(Object(Illuminate\\Routing\\Route))
#9 /home/malcian/malcians.online/www/vendor/laravel/framework/src/Illuminate/Routing/Router.php(698): Illuminate\\Routing\\Router->runRouteWithinStack(Object(Illuminate\\Routing\\Route), Object(Illuminate\\Http\\Request))
#10 /home/malcian/malcians.online/www/vendor/laravel/framework/src/Illuminate/Routing/Router.php(662): Illuminate\\Routing\\Router->runRoute(Object(Illuminate\\Http\\Request), Object(Illuminate\\Routing\\Route))
#11 /home/malcian/malcians.online/www/vendor/laravel/framework/src/Illuminate/Routing/Router.php(651): Illuminate\\Routing\\Router->dispatchToRoute(Object(Illuminate\\Http\\Request))
#12 /home/malcian/malcians.online/www/vendor/laravel/framework/src/Illuminate/Foundation/Http/Kernel.php(167): Illuminate\\Routing\\Router->dispatch(Object(Illuminate\\Http\\Request))
#13 /home/malcian/malcians.online/www/vendor/laravel/framework/src/Illuminate/Pipeline/Pipeline.php(128): Illuminate\\Foundation\\Http\\Kernel->Illuminate\\Foundation\\Http\\{closure}(Object(Illuminate\\Http\\Request))
#14 /home/malcian/malcians.online/www/app/Http/Middleware/SanitizeEmails.php(29): Illuminate\\Pipeline\\Pipeline->Illuminate\\Pipeline\\{closure}(Object(Illuminate\\Http\\Request))
#15 /home/malcian/malcians.online/www/vendor/laravel/framework/src/Illuminate/Pipeline/Pipeline.php(167): App\\Http\\Middleware\\SanitizeEmails->handle(Object(Illuminate\\Http\\Request), Object(Closure))
#16 /home/malcian/malcians.online/www/app/Http/Middleware/ParsePostRequestFields.php(42): Illuminate\\Pipeline\\Pipeline->Illuminate\\Pipeline\\{closure}(Object(Illuminate\\Http\\Request))
#17 /home/malcian/malcians.online/www/vendor/laravel/framework/src/Illuminate/Pipeline/Pipeline.php(167): App\\Http\\Middleware\\ParsePostRequestFields->handle(Object(Illuminate\\Http\\Request), Object(Closure))
#18 /home/malcian/malcians.online/www/vendor/fideloper/proxy/src/TrustProxies.php(57): Illuminate\\Pipeline\\Pipeline->Illuminate\\Pipeline\\{closure}(Object(Illuminate\\Http\\Request))
#19 /home/malcian/malcians.online/www/vendor/laravel/framework/src/Illuminate/Pipeline/Pipeline.php(167): Fideloper\\Proxy\\TrustProxies->handle(Object(Illuminate\\Http\\Request), Object(Closure))
#20 /home/malcian/malcians.online/www/vendor/laravel/framework/src/Illuminate/Foundation/Http/Middleware/TransformsRequest.php(21): Illuminate\\Pipeline\\Pipeline->Illuminate\\Pipeline\\{closure}(Object(Illuminate\\Http\\Request))
#21 /home/malcian/malcians.online/www/vendor/laravel/framework/src/Illuminate/Foundation/Http/Middleware/ConvertEmptyStringsToNull.php(31): Illuminate\\Foundation\\Http\\Middleware\\TransformsRequest->handle(Object(Illuminate\\Http\\Request), Object(Closure))
#22 /home/malcian/malcians.online/www/vendor/laravel/framework/src/Illuminate/Pipeline/Pipeline.php(167): Illuminate\\Foundation\\Http\\Middleware\\ConvertEmptyStringsToNull->handle(Object(Illuminate\\Http\\Request), Object(Closure))
#23 /home/malcian/malcians.online/www/vendor/laravel/framework/src/Illuminate/Foundation/Http/Middleware/TransformsRequest.php(21): Illuminate\\Pipeline\\Pipeline->Illuminate\\Pipeline\\{closure}(Object(Illuminate\\Http\\Request))
#24 /home/malcian/malcians.online/www/vendor/laravel/framework/src/Illuminate/Foundation/Http/Middleware/TrimStrings.php(40): Illuminate\\Foundation\\Http\\Middleware\\TransformsRequest->handle(Object(Illuminate\\Http\\Request), Object(Closure))
#25 /home/malcian/malcians.online/www/vendor/laravel/framework/src/Illuminate/Pipeline/Pipeline.php(167): Illuminate\\Foundation\\Http\\Middleware\\TrimStrings->handle(Object(Illuminate\\Http\\Request), Object(Closure))
#26 /home/malcian/malcians.online/www/vendor/laravel/framework/src/Illuminate/Foundation/Http/Middleware/ValidatePostSize.php(27): Illuminate\\Pipeline\\Pipeline->Illuminate\\Pipeline\\{closure}(Object(Illuminate\\Http\\Request))
#27 /home/malcian/malcians.online/www/vendor/laravel/framework/src/Illuminate/Pipeline/Pipeline.php(167): Illuminate\\Foundation\\Http\\Middleware\\ValidatePostSize->handle(Object(Illuminate\\Http\\Request), Object(Closure))
#28 /home/malcian/malcians.online/www/vendor/laravel/framework/src/Illuminate/Foundation/Http/Middleware/PreventRequestsDuringMaintenance.php(86): Illuminate\\Pipeline\\Pipeline->Illuminate\\Pipeline\\{closure}(Object(Illuminate\\Http\\Request))
#29 /home/malcian/malcians.online/www/vendor/laravel/framework/src/Illuminate/Pipeline/Pipeline.php(167): Illuminate\\Foundation\\Http\\Middleware\\PreventRequestsDuringMaintenance->handle(Object(Illuminate\\Http\\Request), Object(Closure))
#30 /home/malcian/malcians.online/www/vendor/laravel/framework/src/Illuminate/Pipeline/Pipeline.php(103): Illuminate\\Pipeline\\Pipeline->Illuminate\\Pipeline\\{closure}(Object(Illuminate\\Http\\Request))
#31 /home/malcian/malcians.online/www/vendor/laravel/framework/src/Illuminate/Foundation/Http/Kernel.php(142): Illuminate\\Pipeline\\Pipeline->then(Object(Closure))
#32 /home/malcian/malcians.online/www/vendor/laravel/framework/src/Illuminate/Foundation/Http/Kernel.php(111): Illuminate\\Foundation\\Http\\Kernel->sendRequestThroughRouter(Object(Illuminate\\Http\\Request))
#33 /home/malcian/malcians.online/www/public/index.php(54): Illuminate\\Foundation\\Http\\Kernel->handle(Object(Illuminate\\Http\\Request))
#34 {main}

[previous exception] [object] (ReflectionException(code: -1): Class \"App\\Http\\Controllers\\Admin\\Data\\DailyController\" does not exist at /home/malcian/malcians.online/www/vendor/laravel/framework/src/Illuminate/Container/Container.php:877)
[stacktrace]
#0 /home/malcian/malcians.online/www/vendor/laravel/framework/src/Illuminate/Container/Container.php(877): ReflectionClass->__construct('App\\\\Http\\\\Contro...')
#1 /home/malcian/malcians.online/www/vendor/laravel/framework/src/Illuminate/Container/Container.php(758): Illuminate\\Container\\Container->build('App\\\\Http\\\\Contro...')
#2 /home/malcian/malcians.online/www/vendor/laravel/framework/src/Illuminate/Foundation/Application.php(853): Illuminate\\Container\\Container->resolve('App\\\\Http\\\\Contro...', Array, true)
#3 /home/malcian/malcians.online/www/vendor/laravel/framework/src/Illuminate/Container/Container.php(694): Illuminate\\Foundation\\Application->resolve('App\\\\Http\\\\Contro...', Array)
#4 /home/malcian/malcians.online/www/vendor/laravel/framework/src/Illuminate/Foundation/Application.php(838): Illuminate\\Container\\Container->make('App\\\\Http\\\\Contro...', Array)
#5 /home/malcian/malcians.online/www/vendor/laravel/framework/src/Illuminate/Routing/Route.php(276): Illuminate\\Foundation\\Application->make('App\\\\Http\\\\Contro...')
#6 /home/malcian/malcians.online/www/vendor/laravel/framework/src/Illuminate/Routing/Route.php(1080): Illuminate\\Routing\\Route->getController()
#7 /home/malcian/malcians.online/www/vendor/laravel/framework/src/Illuminate/Routing/Route.php(1023): Illuminate\\Routing\\Route->controllerMiddleware()
#8 /home/malcian/malcians.online/www/vendor/laravel/framework/src/Illuminate/Routing/Router.php(734): Illuminate\\Routing\\Route->gatherMiddleware()
#9 /home/malcian/malcians.online/www/vendor/laravel/framework/src/Illuminate/Routing/Router.php(714): Illuminate\\Routing\\Router->gatherRouteMiddleware(Object(Illuminate\\Routing\\Route))
#10 /home/malcian/malcians.online/www/vendor/laravel/framework/src/Illuminate/Routing/Router.php(698): Illuminate\\Routing\\Router->runRouteWithinStack(Object(Illuminate\\Routing\\Route), Object(Illuminate\\Http\\Request))
#11 /home/malcian/malcians.online/www/vendor/laravel/framework/src/Illuminate/Routing/Router.php(662): Illuminate\\Routing\\Router->runRoute(Object(Illuminate\\Http\\Request), Object(Illuminate\\Routing\\Route))
#12 /home/malcian/malcians.online/www/vendor/laravel/framework/src/Illuminate/Routing/Router.php(651): Illuminate\\Routing\\Router->dispatchToRoute(Object(Illuminate\\Http\\Request))
#13 /home/malcian/malcians.online/www/vendor/laravel/framework/src/Illuminate/Foundation/Http/Kernel.php(167): Illuminate\\Routing\\Router->dispatch(Object(Illuminate\\Http\\Request))
#14 /home/malcian/malcians.online/www/vendor/laravel/framework/src/Illuminate/Pipeline/Pipeline.php(128): Illuminate\\Foundation\\Http\\Kernel->Illuminate\\Foundation\\Http\\{closure}(Object(Illuminate\\Http\\Request))
#15 /home/malcian/malcians.online/www/app/Http/Middleware/SanitizeEmails.php(29): Illuminate\\Pipeline\\Pipeline->Illuminate\\Pipeline\\{closure}(Object(Illuminate\\Http\\Request))
#16 /home/malcian/malcians.online/www/vendor/laravel/framework/src/Illuminate/Pipeline/Pipeline.php(167): App\\Http\\Middleware\\SanitizeEmails->handle(Object(Illuminate\\Http\\Request), Object(Closure))
#17 /home/malcian/malcians.online/www/app/Http/Middleware/ParsePostRequestFields.php(42): Illuminate\\Pipeline\\Pipeline->Illuminate\\Pipeline\\{closure}(Object(Illuminate\\Http\\Request))
#18 /home/malcian/malcians.online/www/vendor/laravel/framework/src/Illuminate/Pipeline/Pipeline.php(167): App\\Http\\Middleware\\ParsePostRequestFields->handle(Object(Illuminate\\Http\\Request), Object(Closure))
#19 /home/malcian/malcians.online/www/vendor/fideloper/proxy/src/TrustProxies.php(57): Illuminate\\Pipeline\\Pipeline->Illuminate\\Pipeline\\{closure}(Object(Illuminate\\Http\\Request))
#20 /home/malcian/malcians.online/www/vendor/laravel/framework/src/Illuminate/Pipeline/Pipeline.php(167): Fideloper\\Proxy\\TrustProxies->handle(Object(Illuminate\\Http\\Request), Object(Closure))
#21 /home/malcian/malcians.online/www/vendor/laravel/framework/src/Illuminate/Foundation/Http/Middleware/TransformsRequest.php(21): Illuminate\\Pipeline\\Pipeline->Illuminate\\Pipeline\\{closure}(Object(Illuminate\\Http\\Request))
#22 /home/malcian/malcians.online/www/vendor/laravel/framework/src/Illuminate/Foundation/Http/Middleware/ConvertEmptyStringsToNull.php(31): Illuminate\\Foundation\\Http\\Middleware\\TransformsRequest->handle(Object(Illuminate\\Http\\Request), Object(Closure))
#23 /home/malcian/malcians.online/www/vendor/laravel/framework/src/Illuminate/Pipeline/Pipeline.php(167): Illuminate\\Foundation\\Http\\Middleware\\ConvertEmptyStringsToNull->handle(Object(Illuminate\\Http\\Request), Object(Closure))
#24 /home/malcian/malcians.online/www/vendor/laravel/framework/src/Illuminate/Foundation/Http/Middleware/TransformsRequest.php(21): Illuminate\\Pipeline\\Pipeline->Illuminate\\Pipeline\\{closure}(Object(Illuminate\\Http\\Request))
#25 /home/malcian/malcians.online/www/vendor/laravel/framework/src/Illuminate/Foundation/Http/Middleware/TrimStrings.php(40): Illuminate\\Foundation\\Http\\Middleware\\TransformsRequest->handle(Object(Illuminate\\Http\\Request), Object(Closure))
#26 /home/malcian/malcians.online/www/vendor/laravel/framework/src/Illuminate/Pipeline/Pipeline.php(167): Illuminate\\Foundation\\Http\\Middleware\\TrimStrings->handle(Object(Illuminate\\Http\\Request), Object(Closure))
#27 /home/malcian/malcians.online/www/vendor/laravel/framework/src/Illuminate/Foundation/Http/Middleware/ValidatePostSize.php(27): Illuminate\\Pipeline\\Pipeline->Illuminate\\Pipeline\\{closure}(Object(Illuminate\\Http\\Request))
#28 /home/malcian/malcians.online/www/vendor/laravel/framework/src/Illuminate/Pipeline/Pipeline.php(167): Illuminate\\Foundation\\Http\\Middleware\\ValidatePostSize->handle(Object(Illuminate\\Http\\Request), Object(Closure))
#29 /home/malcian/malcians.online/www/vendor/laravel/framework/src/Illuminate/Foundation/Http/Middleware/PreventRequestsDuringMaintenance.php(86): Illuminate\\Pipeline\\Pipeline->Illuminate\\Pipeline\\{closure}(Object(Illuminate\\Http\\Request))
#30 /home/malcian/malcians.online/www/vendor/laravel/framework/src/Illuminate/Pipeline/Pipeline.php(167): Illuminate\\Foundation\\Http\\Middleware\\PreventRequestsDuringMaintenance->handle(Object(Illuminate\\Http\\Request), Object(Closure))
#31 /home/malcian/malcians.online/www/vendor/laravel/framework/src/Illuminate/Pipeline/Pipeline.php(103): Illuminate\\Pipeline\\Pipeline->Illuminate\\Pipeline\\{closure}(Object(Illuminate\\Http\\Request))
#32 /home/malcian/malcians.online/www/vendor/laravel/framework/src/Illuminate/Foundation/Http/Kernel.php(142): Illuminate\\Pipeline\\Pipeline->then(Object(Closure))
#33 /home/malcian/malcians.online/www/vendor/laravel/framework/src/Illuminate/Foundation/Http/Kernel.php(111): Illuminate\\Foundation\\Http\\Kernel->sendRequestThroughRouter(Object(Illuminate\\Http\\Request))
#34 /home/malcian/malcians.online/www/public/index.php(54): Illuminate\\Foundation\\Http\\Kernel->handle(Object(Illuminate\\Http\\Request))
#35 {main}
"} 
[2026-06-30 19:59:45] production.ERROR: Target class [App\Http\Controllers\Admin\Data\DailyController] does not exist. {"exception":"[object] (Illuminate\\Contracts\\Container\\BindingResolutionException(code: 0): Target class [App\\Http\\Controllers\\Admin\\Data\\DailyController] does not exist. at /home/malcian/malcians.online/www/vendor/laravel/framework/src/Illuminate/Container/Container.php:879)
[stacktrace]
#0 /home/malcian/malcians.online/www/vendor/laravel/framework/src/Illuminate/Container/Container.php(758): Illuminate\\Container\\Container->build('App\\\\Http\\\\Contro...')
#1 /home/malcian/malcians.online/www/vendor/laravel/framework/src/Illuminate/Foundation/Application.php(853): Illuminate\\Container\\Container->resolve('App\\\\Http\\\\Contro...', Array, true)
#2 /home/malcian/malcians.online/www/vendor/laravel/framework/src/Illuminate/Container/Container.php(694): Illuminate\\Foundation\\Application->resolve('App\\\\Http\\\\Contro...', Array)
#3 /home/malcian/malcians.online/www/vendor/laravel/framework/src/Illuminate/Foundation/Application.php(838): Illuminate\\Container\\Container->make('App\\\\Http\\\\Contro...', Array)
#4 /home/malcian/malcians.online/www/vendor/laravel/framework/src/Illuminate/Routing/Route.php(276): Illuminate\\Foundation\\Application->make('App\\\\Http\\\\Contro...')
#5 /home/malcian/malcians.online/www/vendor/laravel/framework/src/Illuminate/Routing/Route.php(1080): Illuminate\\Routing\\Route->getController()
#6 /home/malcian/malcians.online/www/vendor/laravel/framework/src/Illuminate/Routing/Route.php(1023): Illuminate\\Routing\\Route->controllerMiddleware()
#7 /home/malcian/malcians.online/www/vendor/laravel/framework/src/Illuminate/Routing/Router.php(734): Illuminate\\Routing\\Route->gatherMiddleware()
#8 /home/malcian/malcians.online/www/vendor/laravel/framework/src/Illuminate/Routing/Router.php(714): Illuminate\\Routing\\Router->gatherRouteMiddleware(Object(Illuminate\\Routing\\Route))
#9 /home/malcian/malcians.online/www/vendor/laravel/framework/src/Illuminate/Routing/Router.php(698): Illuminate\\Routing\\Router->runRouteWithinStack(Object(Illuminate\\Routing\\Route), Object(Illuminate\\Http\\Request))
#10 /home/malcian/malcians.online/www/vendor/laravel/framework/src/Illuminate/Routing/Router.php(662): Illuminate\\Routing\\Router->runRoute(Object(Illuminate\\Http\\Request), Object(Illuminate\\Routing\\Route))
#11 /home/malcian/malcians.online/www/vendor/laravel/framework/src/Illuminate/Routing/Router.php(651): Illuminate\\Routing\\Router->dispatchToRoute(Object(Illuminate\\Http\\Request))
#12 /home/malcian/malcians.online/www/vendor/laravel/framework/src/Illuminate/Foundation/Http/Kernel.php(167): Illuminate\\Routing\\Router->dispatch(Object(Illuminate\\Http\\Request))
#13 /home/malcian/malcians.online/www/vendor/laravel/framework/src/Illuminate/Pipeline/Pipeline.php(128): Illuminate\\Foundation\\Http\\Kernel->Illuminate\\Foundation\\Http\\{closure}(Object(Illuminate\\Http\\Request))
#14 /home/malcian/malcians.online/www/app/Http/Middleware/SanitizeEmails.php(29): Illuminate\\Pipeline\\Pipeline->Illuminate\\Pipeline\\{closure}(Object(Illuminate\\Http\\Request))
#15 /home/malcian/malcians.online/www/vendor/laravel/framework/src/Illuminate/Pipeline/Pipeline.php(167): App\\Http\\Middleware\\SanitizeEmails->handle(Object(Illuminate\\Http\\Request), Object(Closure))
#16 /home/malcian/malcians.online/www/app/Http/Middleware/ParsePostRequestFields.php(42): Illuminate\\Pipeline\\Pipeline->Illuminate\\Pipeline\\{closure}(Object(Illuminate\\Http\\Request))
#17 /home/malcian/malcians.online/www/vendor/laravel/framework/src/Illuminate/Pipeline/Pipeline.php(167): App\\Http\\Middleware\\ParsePostRequestFields->handle(Object(Illuminate\\Http\\Request), Object(Closure))
#18 /home/malcian/malcians.online/www/vendor/fideloper/proxy/src/TrustProxies.php(57): Illuminate\\Pipeline\\Pipeline->Illuminate\\Pipeline\\{closure}(Object(Illuminate\\Http\\Request))
#19 /home/malcian/malcians.online/www/vendor/laravel/framework/src/Illuminate/Pipeline/Pipeline.php(167): Fideloper\\Proxy\\TrustProxies->handle(Object(Illuminate\\Http\\Request), Object(Closure))
#20 /home/malcian/malcians.online/www/vendor/laravel/framework/src/Illuminate/Foundation/Http/Middleware/TransformsRequest.php(21): Illuminate\\Pipeline\\Pipeline->Illuminate\\Pipeline\\{closure}(Object(Illuminate\\Http\\Request))
#21 /home/malcian/malcians.online/www/vendor/laravel/framework/src/Illuminate/Foundation/Http/Middleware/ConvertEmptyStringsToNull.php(31): Illuminate\\Foundation\\Http\\Middleware\\TransformsRequest->handle(Object(Illuminate\\Http\\Request), Object(Closure))
#22 /home/malcian/malcians.online/www/vendor/laravel/framework/src/Illuminate/Pipeline/Pipeline.php(167): Illuminate\\Foundation\\Http\\Middleware\\ConvertEmptyStringsToNull->handle(Object(Illuminate\\Http\\Request), Object(Closure))
#23 /home/malcian/malcians.online/www/vendor/laravel/framework/src/Illuminate/Foundation/Http/Middleware/TransformsRequest.php(21): Illuminate\\Pipeline\\Pipeline->Illuminate\\Pipeline\\{closure}(Object(Illuminate\\Http\\Request))
#24 /home/malcian/malcians.online/www/vendor/laravel/framework/src/Illuminate/Foundation/Http/Middleware/TrimStrings.php(40): Illuminate\\Foundation\\Http\\Middleware\\TransformsRequest->handle(Object(Illuminate\\Http\\Request), Object(Closure))
#25 /home/malcian/malcians.online/www/vendor/laravel/framework/src/Illuminate/Pipeline/Pipeline.php(167): Illuminate\\Foundation\\Http\\Middleware\\TrimStrings->handle(Object(Illuminate\\Http\\Request), Object(Closure))
#26 /home/malcian/malcians.online/www/vendor/laravel/framework/src/Illuminate/Foundation/Http/Middleware/ValidatePostSize.php(27): Illuminate\\Pipeline\\Pipeline->Illuminate\\Pipeline\\{closure}(Object(Illuminate\\Http\\Request))
#27 /home/malcian/malcians.online/www/vendor/laravel/framework/src/Illuminate/Pipeline/Pipeline.php(167): Illuminate\\Foundation\\Http\\Middleware\\ValidatePostSize->handle(Object(Illuminate\\Http\\Request), Object(Closure))
#28 /home/malcian/malcians.online/www/vendor/laravel/framework/src/Illuminate/Foundation/Http/Middleware/PreventRequestsDuringMaintenance.php(86): Illuminate\\Pipeline\\Pipeline->Illuminate\\Pipeline\\{closure}(Object(Illuminate\\Http\\Request))
#29 /home/malcian/malcians.online/www/vendor/laravel/framework/src/Illuminate/Pipeline/Pipeline.php(167): Illuminate\\Foundation\\Http\\Middleware\\PreventRequestsDuringMaintenance->handle(Object(Illuminate\\Http\\Request), Object(Closure))
#30 /home/malcian/malcians.online/www/vendor/laravel/framework/src/Illuminate/Pipeline/Pipeline.php(103): Illuminate\\Pipeline\\Pipeline->Illuminate\\Pipeline\\{closure}(Object(Illuminate\\Http\\Request))
#31 /home/malcian/malcians.online/www/vendor/laravel/framework/src/Illuminate/Foundation/Http/Kernel.php(142): Illuminate\\Pipeline\\Pipeline->then(Object(Closure))
#32 /home/malcian/malcians.online/www/vendor/laravel/framework/src/Illuminate/Foundation/Http/Kernel.php(111): Illuminate\\Foundation\\Http\\Kernel->sendRequestThroughRouter(Object(Illuminate\\Http\\Request))
#33 /home/malcian/malcians.online/www/public/index.php(54): Illuminate\\Foundation\\Http\\Kernel->handle(Object(Illuminate\\Http\\Request))
#34 {main}

[previous exception] [object] (ReflectionException(code: -1): Class \"App\\Http\\Controllers\\Admin\\Data\\DailyController\" does not exist at /home/malcian/malcians.online/www/vendor/laravel/framework/src/Illuminate/Container/Container.php:877)
[stacktrace]
#0 /home/malcian/malcians.online/www/vendor/laravel/framework/src/Illuminate/Container/Container.php(877): ReflectionClass->__construct('App\\\\Http\\\\Contro...')
#1 /home/malcian/malcians.online/www/vendor/laravel/framework/src/Illuminate/Container/Container.php(758): Illuminate\\Container\\Container->build('App\\\\Http\\\\Contro...')
#2 /home/malcian/malcians.online/www/vendor/laravel/framework/src/Illuminate/Foundation/Application.php(853): Illuminate\\Container\\Container->resolve('App\\\\Http\\\\Contro...', Array, true)
#3 /home/malcian/malcians.online/www/vendor/laravel/framework/src/Illuminate/Container/Container.php(694): Illuminate\\Foundation\\Application->resolve('App\\\\Http\\\\Contro...', Array)
#4 /home/malcian/malcians.online/www/vendor/laravel/framework/src/Illuminate/Foundation/Application.php(838): Illuminate\\Container\\Container->make('App\\\\Http\\\\Contro...', Array)
#5 /home/malcian/malcians.online/www/vendor/laravel/framework/src/Illuminate/Routing/Route.php(276): Illuminate\\Foundation\\Application->make('App\\\\Http\\\\Contro...')
#6 /home/malcian/malcians.online/www/vendor/laravel/framework/src/Illuminate/Routing/Route.php(1080): Illuminate\\Routing\\Route->getController()
#7 /home/malcian/malcians.online/www/vendor/laravel/framework/src/Illuminate/Routing/Route.php(1023): Illuminate\\Routing\\Route->controllerMiddleware()
#8 /home/malcian/malcians.online/www/vendor/laravel/framework/src/Illuminate/Routing/Router.php(734): Illuminate\\Routing\\Route->gatherMiddleware()
#9 /home/malcian/malcians.online/www/vendor/laravel/framework/src/Illuminate/Routing/Router.php(714): Illuminate\\Routing\\Router->gatherRouteMiddleware(Object(Illuminate\\Routing\\Route))
#10 /home/malcian/malcians.online/www/vendor/laravel/framework/src/Illuminate/Routing/Router.php(698): Illuminate\\Routing\\Router->runRouteWithinStack(Object(Illuminate\\Routing\\Route), Object(Illuminate\\Http\\Request))
#11 /home/malcian/malcians.online/www/vendor/laravel/framework/src/Illuminate/Routing/Router.php(662): Illuminate\\Routing\\Router->runRoute(Object(Illuminate\\Http\\Request), Object(Illuminate\\Routing\\Route))
#12 /home/malcian/malcians.online/www/vendor/laravel/framework/src/Illuminate/Routing/Router.php(651): Illuminate\\Routing\\Router->dispatchToRoute(Object(Illuminate\\Http\\Request))
#13 /home/malcian/malcians.online/www/vendor/laravel/framework/src/Illuminate/Foundation/Http/Kernel.php(167): Illuminate\\Routing\\Router->dispatch(Object(Illuminate\\Http\\Request))
#14 /home/malcian/malcians.online/www/vendor/laravel/framework/src/Illuminate/Pipeline/Pipeline.php(128): Illuminate\\Foundation\\Http\\Kernel->Illuminate\\Foundation\\Http\\{closure}(Object(Illuminate\\Http\\Request))
#15 /home/malcian/malcians.online/www/app/Http/Middleware/SanitizeEmails.php(29): Illuminate\\Pipeline\\Pipeline->Illuminate\\Pipeline\\{closure}(Object(Illuminate\\Http\\Request))
#16 /home/malcian/malcians.online/www/vendor/laravel/framework/src/Illuminate/Pipeline/Pipeline.php(167): App\\Http\\Middleware\\SanitizeEmails->handle(Object(Illuminate\\Http\\Request), Object(Closure))
#17 /home/malcian/malcians.online/www/app/Http/Middleware/ParsePostRequestFields.php(42): Illuminate\\Pipeline\\Pipeline->Illuminate\\Pipeline\\{closure}(Object(Illuminate\\Http\\Request))
#18 /home/malcian/malcians.online/www/vendor/laravel/framework/src/Illuminate/Pipeline/Pipeline.php(167): App\\Http\\Middleware\\ParsePostRequestFields->handle(Object(Illuminate\\Http\\Request), Object(Closure))
#19 /home/malcian/malcians.online/www/vendor/fideloper/proxy/src/TrustProxies.php(57): Illuminate\\Pipeline\\Pipeline->Illuminate\\Pipeline\\{closure}(Object(Illuminate\\Http\\Request))
#20 /home/malcian/malcians.online/www/vendor/laravel/framework/src/Illuminate/Pipeline/Pipeline.php(167): Fideloper\\Proxy\\TrustProxies->handle(Object(Illuminate\\Http\\Request), Object(Closure))
#21 /home/malcian/malcians.online/www/vendor/laravel/framework/src/Illuminate/Foundation/Http/Middleware/TransformsRequest.php(21): Illuminate\\Pipeline\\Pipeline->Illuminate\\Pipeline\\{closure}(Object(Illuminate\\Http\\Request))
#22 /home/malcian/malcians.online/www/vendor/laravel/framework/src/Illuminate/Foundation/Http/Middleware/ConvertEmptyStringsToNull.php(31): Illuminate\\Foundation\\Http\\Middleware\\TransformsRequest->handle(Object(Illuminate\\Http\\Request), Object(Closure))
#23 /home/malcian/malcians.online/www/vendor/laravel/framework/src/Illuminate/Pipeline/Pipeline.php(167): Illuminate\\Foundation\\Http\\Middleware\\ConvertEmptyStringsToNull->handle(Object(Illuminate\\Http\\Request), Object(Closure))
#24 /home/malcian/malcians.online/www/vendor/laravel/framework/src/Illuminate/Foundation/Http/Middleware/TransformsRequest.php(21): Illuminate\\Pipeline\\Pipeline->Illuminate\\Pipeline\\{closure}(Object(Illuminate\\Http\\Request))
#25 /home/malcian/malcians.online/www/vendor/laravel/framework/src/Illuminate/Foundation/Http/Middleware/TrimStrings.php(40): Illuminate\\Foundation\\Http\\Middleware\\TransformsRequest->handle(Object(Illuminate\\Http\\Request), Object(Closure))
#26 /home/malcian/malcians.online/www/vendor/laravel/framework/src/Illuminate/Pipeline/Pipeline.php(167): Illuminate\\Foundation\\Http\\Middleware\\TrimStrings->handle(Object(Illuminate\\Http\\Request), Object(Closure))
#27 /home/malcian/malcians.online/www/vendor/laravel/framework/src/Illuminate/Foundation/Http/Middleware/ValidatePostSize.php(27): Illuminate\\Pipeline\\Pipeline->Illuminate\\Pipeline\\{closure}(Object(Illuminate\\Http\\Request))
#28 /home/malcian/malcians.online/www/vendor/laravel/framework/src/Illuminate/Pipeline/Pipeline.php(167): Illuminate\\Foundation\\Http\\Middleware\\ValidatePostSize->handle(Object(Illuminate\\Http\\Request), Object(Closure))
#29 /home/malcian/malcians.online/www/vendor/laravel/framework/src/Illuminate/Foundation/Http/Middleware/PreventRequestsDuringMaintenance.php(86): Illuminate\\Pipeline\\Pipeline->Illuminate\\Pipeline\\{closure}(Object(Illuminate\\Http\\Request))
#30 /home/malcian/malcians.online/www/vendor/laravel/framework/src/Illuminate/Pipeline/Pipeline.php(167): Illuminate\\Foundation\\Http\\Middleware\\PreventRequestsDuringMaintenance->handle(Object(Illuminate\\Http\\Request), Object(Closure))
#31 /home/malcian/malcians.online/www/vendor/laravel/framework/src/Illuminate/Pipeline/Pipeline.php(103): Illuminate\\Pipeline\\Pipeline->Illuminate\\Pipeline\\{closure}(Object(Illuminate\\Http\\Request))
#32 /home/malcian/malcians.online/www/vendor/laravel/framework/src/Illuminate/Foundation/Http/Kernel.php(142): Illuminate\\Pipeline\\Pipeline->then(Object(Closure))
#33 /home/malcian/malcians.online/www/vendor/laravel/framework/src/Illuminate/Foundation/Http/Kernel.php(111): Illuminate\\Foundation\\Http\\Kernel->sendRequestThroughRouter(Object(Illuminate\\Http\\Request))
#34 /home/malcian/malcians.online/www/public/index.php(54): Illuminate\\Foundation\\Http\\Kernel->handle(Object(Illuminate\\Http\\Request))
#35 {main}
"} 
[2026-06-30 20:33:18] production.ERROR: Target class [App\Http\Controllers\DailyController] does not exist. {"exception":"[object] (Illuminate\\Contracts\\Container\\BindingResolutionException(code: 0): Target class [App\\Http\\Controllers\\DailyController] does not exist. at /home/malcian/malcians.online/www/vendor/laravel/framework/src/Illuminate/Container/Container.php:879)
[stacktrace]
#0 /home/malcian/malcians.online/www/vendor/laravel/framework/src/Illuminate/Container/Container.php(758): Illuminate\\Container\\Container->build('App\\\\Http\\\\Contro...')
#1 /home/malcian/malcians.online/www/vendor/laravel/framework/src/Illuminate/Foundation/Application.php(853): Illuminate\\Container\\Container->resolve('App\\\\Http\\\\Contro...', Array, true)
#2 /home/malcian/malcians.online/www/vendor/laravel/framework/src/Illuminate/Container/Container.php(694): Illuminate\\Foundation\\Application->resolve('App\\\\Http\\\\Contro...', Array)
#3 /home/malcian/malcians.online/www/vendor/laravel/framework/src/Illuminate/Foundation/Application.php(838): Illuminate\\Container\\Container->make('App\\\\Http\\\\Contro...', Array)
#4 /home/malcian/malcians.online/www/vendor/laravel/framework/src/Illuminate/Routing/Route.php(276): Illuminate\\Foundation\\Application->make('App\\\\Http\\\\Contro...')
#5 /home/malcian/malcians.online/www/vendor/laravel/framework/src/Illuminate/Routing/Route.php(1080): Illuminate\\Routing\\Route->getController()
#6 /home/malcian/malcians.online/www/vendor/laravel/framework/src/Illuminate/Routing/Route.php(1023): Illuminate\\Routing\\Route->controllerMiddleware()
#7 /home/malcian/malcians.online/www/vendor/laravel/framework/src/Illuminate/Routing/Router.php(734): Illuminate\\Routing\\Route->gatherMiddleware()
#8 /home/malcian/malcians.online/www/vendor/laravel/framework/src/Illuminate/Routing/Router.php(714): Illuminate\\Routing\\Router->gatherRouteMiddleware(Object(Illuminate\\Routing\\Route))
#9 /home/malcian/malcians.online/www/vendor/laravel/framework/src/Illuminate/Routing/Router.php(698): Illuminate\\Routing\\Router->runRouteWithinStack(Object(Illuminate\\Routing\\Route), Object(Illuminate\\Http\\Request))
#10 /home/malcian/malcians.online/www/vendor/laravel/framework/src/Illuminate/Routing/Router.php(662): Illuminate\\Routing\\Router->runRoute(Object(Illuminate\\Http\\Request), Object(Illuminate\\Routing\\Route))
#11 /home/malcian/malcians.online/www/vendor/laravel/framework/src/Illuminate/Routing/Router.php(651): Illuminate\\Routing\\Router->dispatchToRoute(Object(Illuminate\\Http\\Request))
#12 /home/malcian/malcians.online/www/vendor/laravel/framework/src/Illuminate/Foundation/Http/Kernel.php(167): Illuminate\\Routing\\Router->dispatch(Object(Illuminate\\Http\\Request))
#13 /home/malcian/malcians.online/www/vendor/laravel/framework/src/Illuminate/Pipeline/Pipeline.php(128): Illuminate\\Foundation\\Http\\Kernel->Illuminate\\Foundation\\Http\\{closure}(Object(Illuminate\\Http\\Request))
#14 /home/malcian/malcians.online/www/app/Http/Middleware/SanitizeEmails.php(29): Illuminate\\Pipeline\\Pipeline->Illuminate\\Pipeline\\{closure}(Object(Illuminate\\Http\\Request))
#15 /home/malcian/malcians.online/www/vendor/laravel/framework/src/Illuminate/Pipeline/Pipeline.php(167): App\\Http\\Middleware\\SanitizeEmails->handle(Object(Illuminate\\Http\\Request), Object(Closure))
#16 /home/malcian/malcians.online/www/app/Http/Middleware/ParsePostRequestFields.php(42): Illuminate\\Pipeline\\Pipeline->Illuminate\\Pipeline\\{closure}(Object(Illuminate\\Http\\Request))
#17 /home/malcian/malcians.online/www/vendor/laravel/framework/src/Illuminate/Pipeline/Pipeline.php(167): App\\Http\\Middleware\\ParsePostRequestFields->handle(Object(Illuminate\\Http\\Request), Object(Closure))
#18 /home/malcian/malcians.online/www/vendor/fideloper/proxy/src/TrustProxies.php(57): Illuminate\\Pipeline\\Pipeline->Illuminate\\Pipeline\\{closure}(Object(Illuminate\\Http\\Request))
#19 /home/malcian/malcians.online/www/vendor/laravel/framework/src/Illuminate/Pipeline/Pipeline.php(167): Fideloper\\Proxy\\TrustProxies->handle(Object(Illuminate\\Http\\Request), Object(Closure))
#20 /home/malcian/malcians.online/www/vendor/laravel/framework/src/Illuminate/Foundation/Http/Middleware/TransformsRequest.php(21): Illuminate\\Pipeline\\Pipeline->Illuminate\\Pipeline\\{closure}(Object(Illuminate\\Http\\Request))
#21 /home/malcian/malcians.online/www/vendor/laravel/framework/src/Illuminate/Foundation/Http/Middleware/ConvertEmptyStringsToNull.php(31): Illuminate\\Foundation\\Http\\Middleware\\TransformsRequest->handle(Object(Illuminate\\Http\\Request), Object(Closure))
#22 /home/malcian/malcians.online/www/vendor/laravel/framework/src/Illuminate/Pipeline/Pipeline.php(167): Illuminate\\Foundation\\Http\\Middleware\\ConvertEmptyStringsToNull->handle(Object(Illuminate\\Http\\Request), Object(Closure))
#23 /home/malcian/malcians.online/www/vendor/laravel/framework/src/Illuminate/Foundation/Http/Middleware/TransformsRequest.php(21): Illuminate\\Pipeline\\Pipeline->Illuminate\\Pipeline\\{closure}(Object(Illuminate\\Http\\Request))
#24 /home/malcian/malcians.online/www/vendor/laravel/framework/src/Illuminate/Foundation/Http/Middleware/TrimStrings.php(40): Illuminate\\Foundation\\Http\\Middleware\\TransformsRequest->handle(Object(Illuminate\\Http\\Request), Object(Closure))
#25 /home/malcian/malcians.online/www/vendor/laravel/framework/src/Illuminate/Pipeline/Pipeline.php(167): Illuminate\\Foundation\\Http\\Middleware\\TrimStrings->handle(Object(Illuminate\\Http\\Request), Object(Closure))
#26 /home/malcian/malcians.online/www/vendor/laravel/framework/src/Illuminate/Foundation/Http/Middleware/ValidatePostSize.php(27): Illuminate\\Pipeline\\Pipeline->Illuminate\\Pipeline\\{closure}(Object(Illuminate\\Http\\Request))
#27 /home/malcian/malcians.online/www/vendor/laravel/framework/src/Illuminate/Pipeline/Pipeline.php(167): Illuminate\\Foundation\\Http\\Middleware\\ValidatePostSize->handle(Object(Illuminate\\Http\\Request), Object(Closure))
#28 /home/malcian/malcians.online/www/vendor/laravel/framework/src/Illuminate/Foundation/Http/Middleware/PreventRequestsDuringMaintenance.php(86): Illuminate\\Pipeline\\Pipeline->Illuminate\\Pipeline\\{closure}(Object(Illuminate\\Http\\Request))
#29 /home/malcian/malcians.online/www/vendor/laravel/framework/src/Illuminate/Pipeline/Pipeline.php(167): Illuminate\\Foundation\\Http\\Middleware\\PreventRequestsDuringMaintenance->handle(Object(Illuminate\\Http\\Request), Object(Closure))
#30 /home/malcian/malcians.online/www/vendor/laravel/framework/src/Illuminate/Pipeline/Pipeline.php(103): Illuminate\\Pipeline\\Pipeline->Illuminate\\Pipeline\\{closure}(Object(Illuminate\\Http\\Request))
#31 /home/malcian/malcians.online/www/vendor/laravel/framework/src/Illuminate/Foundation/Http/Kernel.php(142): Illuminate\\Pipeline\\Pipeline->then(Object(Closure))
#32 /home/malcian/malcians.online/www/vendor/laravel/framework/src/Illuminate/Foundation/Http/Kernel.php(111): Illuminate\\Foundation\\Http\\Kernel->sendRequestThroughRouter(Object(Illuminate\\Http\\Request))
#33 /home/malcian/malcians.online/www/public/index.php(54): Illuminate\\Foundation\\Http\\Kernel->handle(Object(Illuminate\\Http\\Request))
#34 {main}

[previous exception] [object] (ReflectionException(code: -1): Class \"App\\Http\\Controllers\\DailyController\" does not exist at /home/malcian/malcians.online/www/vendor/laravel/framework/src/Illuminate/Container/Container.php:877)
[stacktrace]
#0 /home/malcian/malcians.online/www/vendor/laravel/framework/src/Illuminate/Container/Container.php(877): ReflectionClass->__construct('App\\\\Http\\\\Contro...')
#1 /home/malcian/malcians.online/www/vendor/laravel/framework/src/Illuminate/Container/Container.php(758): Illuminate\\Container\\Container->build('App\\\\Http\\\\Contro...')
#2 /home/malcian/malcians.online/www/vendor/laravel/framework/src/Illuminate/Foundation/Application.php(853): Illuminate\\Container\\Container->resolve('App\\\\Http\\\\Contro...', Array, true)
#3 /home/malcian/malcians.online/www/vendor/laravel/framework/src/Illuminate/Container/Container.php(694): Illuminate\\Foundation\\Application->resolve('App\\\\Http\\\\Contro...', Array)
#4 /home/malcian/malcians.online/www/vendor/laravel/framework/src/Illuminate/Foundation/Application.php(838): Illuminate\\Container\\Container->make('App\\\\Http\\\\Contro...', Array)
#5 /home/malcian/malcians.online/www/vendor/laravel/framework/src/Illuminate/Routing/Route.php(276): Illuminate\\Foundation\\Application->make('App\\\\Http\\\\Contro...')
#6 /home/malcian/malcians.online/www/vendor/laravel/framework/src/Illuminate/Routing/Route.php(1080): Illuminate\\Routing\\Route->getController()
#7 /home/malcian/malcians.online/www/vendor/laravel/framework/src/Illuminate/Routing/Route.php(1023): Illuminate\\Routing\\Route->controllerMiddleware()
#8 /home/malcian/malcians.online/www/vendor/laravel/framework/src/Illuminate/Routing/Router.php(734): Illuminate\\Routing\\Route->gatherMiddleware()
#9 /home/malcian/malcians.online/www/vendor/laravel/framework/src/Illuminate/Routing/Router.php(714): Illuminate\\Routing\\Router->gatherRouteMiddleware(Object(Illuminate\\Routing\\Route))
#10 /home/malcian/malcians.online/www/vendor/laravel/framework/src/Illuminate/Routing/Router.php(698): Illuminate\\Routing\\Router->runRouteWithinStack(Object(Illuminate\\Routing\\Route), Object(Illuminate\\Http\\Request))
#11 /home/malcian/malcians.online/www/vendor/laravel/framework/src/Illuminate/Routing/Router.php(662): Illuminate\\Routing\\Router->runRoute(Object(Illuminate\\Http\\Request), Object(Illuminate\\Routing\\Route))
#12 /home/malcian/malcians.online/www/vendor/laravel/framework/src/Illuminate/Routing/Router.php(651): Illuminate\\Routing\\Router->dispatchToRoute(Object(Illuminate\\Http\\Request))
#13 /home/malcian/malcians.online/www/vendor/laravel/framework/src/Illuminate/Foundation/Http/Kernel.php(167): Illuminate\\Routing\\Router->dispatch(Object(Illuminate\\Http\\Request))
#14 /home/malcian/malcians.online/www/vendor/laravel/framework/src/Illuminate/Pipeline/Pipeline.php(128): Illuminate\\Foundation\\Http\\Kernel->Illuminate\\Foundation\\Http\\{closure}(Object(Illuminate\\Http\\Request))
#15 /home/malcian/malcians.online/www/app/Http/Middleware/SanitizeEmails.php(29): Illuminate\\Pipeline\\Pipeline->Illuminate\\Pipeline\\{closure}(Object(Illuminate\\Http\\Request))
#16 /home/malcian/malcians.online/www/vendor/laravel/framework/src/Illuminate/Pipeline/Pipeline.php(167): App\\Http\\Middleware\\SanitizeEmails->handle(Object(Illuminate\\Http\\Request), Object(Closure))
#17 /home/malcian/malcians.online/www/app/Http/Middleware/ParsePostRequestFields.php(42): Illuminate\\Pipeline\\Pipeline->Illuminate\\Pipeline\\{closure}(Object(Illuminate\\Http\\Request))
#18 /home/malcian/malcians.online/www/vendor/laravel/framework/src/Illuminate/Pipeline/Pipeline.php(167): App\\Http\\Middleware\\ParsePostRequestFields->handle(Object(Illuminate\\Http\\Request), Object(Closure))
#19 /home/malcian/malcians.online/www/vendor/fideloper/proxy/src/TrustProxies.php(57): Illuminate\\Pipeline\\Pipeline->Illuminate\\Pipeline\\{closure}(Object(Illuminate\\Http\\Request))
#20 /home/malcian/malcians.online/www/vendor/laravel/framework/src/Illuminate/Pipeline/Pipeline.php(167): Fideloper\\Proxy\\TrustProxies->handle(Object(Illuminate\\Http\\Request), Object(Closure))
#21 /home/malcian/malcians.online/www/vendor/laravel/framework/src/Illuminate/Foundation/Http/Middleware/TransformsRequest.php(21): Illuminate\\Pipeline\\Pipeline->Illuminate\\Pipeline\\{closure}(Object(Illuminate\\Http\\Request))
#22 /home/malcian/malcians.online/www/vendor/laravel/framework/src/Illuminate/Foundation/Http/Middleware/ConvertEmptyStringsToNull.php(31): Illuminate\\Foundation\\Http\\Middleware\\TransformsRequest->handle(Object(Illuminate\\Http\\Request), Object(Closure))
#23 /home/malcian/malcians.online/www/vendor/laravel/framework/src/Illuminate/Pipeline/Pipeline.php(167): Illuminate\\Foundation\\Http\\Middleware\\ConvertEmptyStringsToNull->handle(Object(Illuminate\\Http\\Request), Object(Closure))
#24 /home/malcian/malcians.online/www/vendor/laravel/framework/src/Illuminate/Foundation/Http/Middleware/TransformsRequest.php(21): Illuminate\\Pipeline\\Pipeline->Illuminate\\Pipeline\\{closure}(Object(Illuminate\\Http\\Request))
#25 /home/malcian/malcians.online/www/vendor/laravel/framework/src/Illuminate/Foundation/Http/Middleware/TrimStrings.php(40): Illuminate\\Foundation\\Http\\Middleware\\TransformsRequest->handle(Object(Illuminate\\Http\\Request), Object(Closure))
#26 /home/malcian/malcians.online/www/vendor/laravel/framework/src/Illuminate/Pipeline/Pipeline.php(167): Illuminate\\Foundation\\Http\\Middleware\\TrimStrings->handle(Object(Illuminate\\Http\\Request), Object(Closure))
#27 /home/malcian/malcians.online/www/vendor/laravel/framework/src/Illuminate/Foundation/Http/Middleware/ValidatePostSize.php(27): Illuminate\\Pipeline\\Pipeline->Illuminate\\Pipeline\\{closure}(Object(Illuminate\\Http\\Request))
#28 /home/malcian/malcians.online/www/vendor/laravel/framework/src/Illuminate/Pipeline/Pipeline.php(167): Illuminate\\Foundation\\Http\\Middleware\\ValidatePostSize->handle(Object(Illuminate\\Http\\Request), Object(Closure))
#29 /home/malcian/malcians.online/www/vendor/laravel/framework/src/Illuminate/Foundation/Http/Middleware/PreventRequestsDuringMaintenance.php(86): Illuminate\\Pipeline\\Pipeline->Illuminate\\Pipeline\\{closure}(Object(Illuminate\\Http\\Request))
#30 /home/malcian/malcians.online/www/vendor/laravel/framework/src/Illuminate/Pipeline/Pipeline.php(167): Illuminate\\Foundation\\Http\\Middleware\\PreventRequestsDuringMaintenance->handle(Object(Illuminate\\Http\\Request), Object(Closure))
#31 /home/malcian/malcians.online/www/vendor/laravel/framework/src/Illuminate/Pipeline/Pipeline.php(103): Illuminate\\Pipeline\\Pipeline->Illuminate\\Pipeline\\{closure}(Object(Illuminate\\Http\\Request))
#32 /home/malcian/malcians.online/www/vendor/laravel/framework/src/Illuminate/Foundation/Http/Kernel.php(142): Illuminate\\Pipeline\\Pipeline->then(Object(Closure))
#33 /home/malcian/malcians.online/www/vendor/laravel/framework/src/Illuminate/Foundation/Http/Kernel.php(111): Illuminate\\Foundation\\Http\\Kernel->sendRequestThroughRouter(Object(Illuminate\\Http\\Request))
#34 /home/malcian/malcians.online/www/public/index.php(54): Illuminate\\Foundation\\Http\\Kernel->handle(Object(Illuminate\\Http\\Request))
#35 {main}
"} 
[2026-06-30 20:39:27] production.ERROR: Target class [App\Http\Controllers\Admin\Data\DailyController] does not exist. {"exception":"[object] (Illuminate\\Contracts\\Container\\BindingResolutionException(code: 0): Target class [App\\Http\\Controllers\\Admin\\Data\\DailyController] does not exist. at /home/malcian/malcians.online/www/vendor/laravel/framework/src/Illuminate/Container/Container.php:879)
[stacktrace]
#0 /home/malcian/malcians.online/www/vendor/laravel/framework/src/Illuminate/Container/Container.php(758): Illuminate\\Container\\Container->build('App\\\\Http\\\\Contro...')
#1 /home/malcian/malcians.online/www/vendor/laravel/framework/src/Illuminate/Foundation/Application.php(853): Illuminate\\Container\\Container->resolve('App\\\\Http\\\\Contro...', Array, true)
#2 /home/malcian/malcians.online/www/vendor/laravel/framework/src/Illuminate/Container/Container.php(694): Illuminate\\Foundation\\Application->resolve('App\\\\Http\\\\Contro...', Array)
#3 /home/malcian/malcians.online/www/vendor/laravel/framework/src/Illuminate/Foundation/Application.php(838): Illuminate\\Container\\Container->make('App\\\\Http\\\\Contro...', Array)
#4 /home/malcian/malcians.online/www/vendor/laravel/framework/src/Illuminate/Routing/Route.php(276): Illuminate\\Foundation\\Application->make('App\\\\Http\\\\Contro...')
#5 /home/malcian/malcians.online/www/vendor/laravel/framework/src/Illuminate/Routing/Route.php(1080): Illuminate\\Routing\\Route->getController()
#6 /home/malcian/malcians.online/www/vendor/laravel/framework/src/Illuminate/Routing/Route.php(1023): Illuminate\\Routing\\Route->controllerMiddleware()
#7 /home/malcian/malcians.online/www/vendor/laravel/framework/src/Illuminate/Routing/Router.php(734): Illuminate\\Routing\\Route->gatherMiddleware()
#8 /home/malcian/malcians.online/www/vendor/laravel/framework/src/Illuminate/Routing/Router.php(714): Illuminate\\Routing\\Router->gatherRouteMiddleware(Object(Illuminate\\Routing\\Route))
#9 /home/malcian/malcians.online/www/vendor/laravel/framework/src/Illuminate/Routing/Router.php(698): Illuminate\\Routing\\Router->runRouteWithinStack(Object(Illuminate\\Routing\\Route), Object(Illuminate\\Http\\Request))
#10 /home/malcian/malcians.online/www/vendor/laravel/framework/src/Illuminate/Routing/Router.php(662): Illuminate\\Routing\\Router->runRoute(Object(Illuminate\\Http\\Request), Object(Illuminate\\Routing\\Route))
#11 /home/malcian/malcians.online/www/vendor/laravel/framework/src/Illuminate/Routing/Router.php(651): Illuminate\\Routing\\Router->dispatchToRoute(Object(Illuminate\\Http\\Request))
#12 /home/malcian/malcians.online/www/vendor/laravel/framework/src/Illuminate/Foundation/Http/Kernel.php(167): Illuminate\\Routing\\Router->dispatch(Object(Illuminate\\Http\\Request))
#13 /home/malcian/malcians.online/www/vendor/laravel/framework/src/Illuminate/Pipeline/Pipeline.php(128): Illuminate\\Foundation\\Http\\Kernel->Illuminate\\Foundation\\Http\\{closure}(Object(Illuminate\\Http\\Request))
#14 /home/malcian/malcians.online/www/app/Http/Middleware/SanitizeEmails.php(29): Illuminate\\Pipeline\\Pipeline->Illuminate\\Pipeline\\{closure}(Object(Illuminate\\Http\\Request))
#15 /home/malcian/malcians.online/www/vendor/laravel/framework/src/Illuminate/Pipeline/Pipeline.php(167): App\\Http\\Middleware\\SanitizeEmails->handle(Object(Illuminate\\Http\\Request), Object(Closure))
#16 /home/malcian/malcians.online/www/app/Http/Middleware/ParsePostRequestFields.php(42): Illuminate\\Pipeline\\Pipeline->Illuminate\\Pipeline\\{closure}(Object(Illuminate\\Http\\Request))
#17 /home/malcian/malcians.online/www/vendor/laravel/framework/src/Illuminate/Pipeline/Pipeline.php(167): App\\Http\\Middleware\\ParsePostRequestFields->handle(Object(Illuminate\\Http\\Request), Object(Closure))
#18 /home/malcian/malcians.online/www/vendor/fideloper/proxy/src/TrustProxies.php(57): Illuminate\\Pipeline\\Pipeline->Illuminate\\Pipeline\\{closure}(Object(Illuminate\\Http\\Request))
#19 /home/malcian/malcians.online/www/vendor/laravel/framework/src/Illuminate/Pipeline/Pipeline.php(167): Fideloper\\Proxy\\TrustProxies->handle(Object(Illuminate\\Http\\Request), Object(Closure))
#20 /home/malcian/malcians.online/www/vendor/laravel/framework/src/Illuminate/Foundation/Http/Middleware/TransformsRequest.php(21): Illuminate\\Pipeline\\Pipeline->Illuminate\\Pipeline\\{closure}(Object(Illuminate\\Http\\Request))
#21 /home/malcian/malcians.online/www/vendor/laravel/framework/src/Illuminate/Foundation/Http/Middleware/ConvertEmptyStringsToNull.php(31): Illuminate\\Foundation\\Http\\Middleware\\TransformsRequest->handle(Object(Illuminate\\Http\\Request), Object(Closure))
#22 /home/malcian/malcians.online/www/vendor/laravel/framework/src/Illuminate/Pipeline/Pipeline.php(167): Illuminate\\Foundation\\Http\\Middleware\\ConvertEmptyStringsToNull->handle(Object(Illuminate\\Http\\Request), Object(Closure))
#23 /home/malcian/malcians.online/www/vendor/laravel/framework/src/Illuminate/Foundation/Http/Middleware/TransformsRequest.php(21): Illuminate\\Pipeline\\Pipeline->Illuminate\\Pipeline\\{closure}(Object(Illuminate\\Http\\Request))
#24 /home/malcian/malcians.online/www/vendor/laravel/framework/src/Illuminate/Foundation/Http/Middleware/TrimStrings.php(40): Illuminate\\Foundation\\Http\\Middleware\\TransformsRequest->handle(Object(Illuminate\\Http\\Request), Object(Closure))
#25 /home/malcian/malcians.online/www/vendor/laravel/framework/src/Illuminate/Pipeline/Pipeline.php(167): Illuminate\\Foundation\\Http\\Middleware\\TrimStrings->handle(Object(Illuminate\\Http\\Request), Object(Closure))
#26 /home/malcian/malcians.online/www/vendor/laravel/framework/src/Illuminate/Foundation/Http/Middleware/ValidatePostSize.php(27): Illuminate\\Pipeline\\Pipeline->Illuminate\\Pipeline\\{closure}(Object(Illuminate\\Http\\Request))
#27 /home/malcian/malcians.online/www/vendor/laravel/framework/src/Illuminate/Pipeline/Pipeline.php(167): Illuminate\\Foundation\\Http\\Middleware\\ValidatePostSize->handle(Object(Illuminate\\Http\\Request), Object(Closure))
#28 /home/malcian/malcians.online/www/vendor/laravel/framework/src/Illuminate/Foundation/Http/Middleware/PreventRequestsDuringMaintenance.php(86): Illuminate\\Pipeline\\Pipeline->Illuminate\\Pipeline\\{closure}(Object(Illuminate\\Http\\Request))
#29 /home/malcian/malcians.online/www/vendor/laravel/framework/src/Illuminate/Pipeline/Pipeline.php(167): Illuminate\\Foundation\\Http\\Middleware\\PreventRequestsDuringMaintenance->handle(Object(Illuminate\\Http\\Request), Object(Closure))
#30 /home/malcian/malcians.online/www/vendor/laravel/framework/src/Illuminate/Pipeline/Pipeline.php(103): Illuminate\\Pipeline\\Pipeline->Illuminate\\Pipeline\\{closure}(Object(Illuminate\\Http\\Request))
#31 /home/malcian/malcians.online/www/vendor/laravel/framework/src/Illuminate/Foundation/Http/Kernel.php(142): Illuminate\\Pipeline\\Pipeline->then(Object(Closure))
#32 /home/malcian/malcians.online/www/vendor/laravel/framework/src/Illuminate/Foundation/Http/Kernel.php(111): Illuminate\\Foundation\\Http\\Kernel->sendRequestThroughRouter(Object(Illuminate\\Http\\Request))
#33 /home/malcian/malcians.online/www/public/index.php(54): Illuminate\\Foundation\\Http\\Kernel->handle(Object(Illuminate\\Http\\Request))
#34 {main}

[previous exception] [object] (ReflectionException(code: -1): Class \"App\\Http\\Controllers\\Admin\\Data\\DailyController\" does not exist at /home/malcian/malcians.online/www/vendor/laravel/framework/src/Illuminate/Container/Container.php:877)
[stacktrace]
#0 /home/malcian/malcians.online/www/vendor/laravel/framework/src/Illuminate/Container/Container.php(877): ReflectionClass->__construct('App\\\\Http\\\\Contro...')
#1 /home/malcian/malcians.online/www/vendor/laravel/framework/src/Illuminate/Container/Container.php(758): Illuminate\\Container\\Container->build('App\\\\Http\\\\Contro...')
#2 /home/malcian/malcians.online/www/vendor/laravel/framework/src/Illuminate/Foundation/Application.php(853): Illuminate\\Container\\Container->resolve('App\\\\Http\\\\Contro...', Array, true)
#3 /home/malcian/malcians.online/www/vendor/laravel/framework/src/Illuminate/Container/Container.php(694): Illuminate\\Foundation\\Application->resolve('App\\\\Http\\\\Contro...', Array)
#4 /home/malcian/malcians.online/www/vendor/laravel/framework/src/Illuminate/Foundation/Application.php(838): Illuminate\\Container\\Container->make('App\\\\Http\\\\Contro...', Array)
#5 /home/malcian/malcians.online/www/vendor/laravel/framework/src/Illuminate/Routing/Route.php(276): Illuminate\\Foundation\\Application->make('App\\\\Http\\\\Contro...')
#6 /home/malcian/malcians.online/www/vendor/laravel/framework/src/Illuminate/Routing/Route.php(1080): Illuminate\\Routing\\Route->getController()
#7 /home/malcian/malcians.online/www/vendor/laravel/framework/src/Illuminate/Routing/Route.php(1023): Illuminate\\Routing\\Route->controllerMiddleware()
#8 /home/malcian/malcians.online/www/vendor/laravel/framework/src/Illuminate/Routing/Router.php(734): Illuminate\\Routing\\Route->gatherMiddleware()
#9 /home/malcian/malcians.online/www/vendor/laravel/framework/src/Illuminate/Routing/Router.php(714): Illuminate\\Routing\\Router->gatherRouteMiddleware(Object(Illuminate\\Routing\\Route))
#10 /home/malcian/malcians.online/www/vendor/laravel/framework/src/Illuminate/Routing/Router.php(698): Illuminate\\Routing\\Router->runRouteWithinStack(Object(Illuminate\\Routing\\Route), Object(Illuminate\\Http\\Request))
#11 /home/malcian/malcians.online/www/vendor/laravel/framework/src/Illuminate/Routing/Router.php(662): Illuminate\\Routing\\Router->runRoute(Object(Illuminate\\Http\\Request), Object(Illuminate\\Routing\\Route))
#12 /home/malcian/malcians.online/www/vendor/laravel/framework/src/Illuminate/Routing/Router.php(651): Illuminate\\Routing\\Router->dispatchToRoute(Object(Illuminate\\Http\\Request))
#13 /home/malcian/malcians.online/www/vendor/laravel/framework/src/Illuminate/Foundation/Http/Kernel.php(167): Illuminate\\Routing\\Router->dispatch(Object(Illuminate\\Http\\Request))
#14 /home/malcian/malcians.online/www/vendor/laravel/framework/src/Illuminate/Pipeline/Pipeline.php(128): Illuminate\\Foundation\\Http\\Kernel->Illuminate\\Foundation\\Http\\{closure}(Object(Illuminate\\Http\\Request))
#15 /home/malcian/malcians.online/www/app/Http/Middleware/SanitizeEmails.php(29): Illuminate\\Pipeline\\Pipeline->Illuminate\\Pipeline\\{closure}(Object(Illuminate\\Http\\Request))
#16 /home/malcian/malcians.online/www/vendor/laravel/framework/src/Illuminate/Pipeline/Pipeline.php(167): App\\Http\\Middleware\\SanitizeEmails->handle(Object(Illuminate\\Http\\Request), Object(Closure))
#17 /home/malcian/malcians.online/www/app/Http/Middleware/ParsePostRequestFields.php(42): Illuminate\\Pipeline\\Pipeline->Illuminate\\Pipeline\\{closure}(Object(Illuminate\\Http\\Request))
#18 /home/malcian/malcians.online/www/vendor/laravel/framework/src/Illuminate/Pipeline/Pipeline.php(167): App\\Http\\Middleware\\ParsePostRequestFields->handle(Object(Illuminate\\Http\\Request), Object(Closure))
#19 /home/malcian/malcians.online/www/vendor/fideloper/proxy/src/TrustProxies.php(57): Illuminate\\Pipeline\\Pipeline->Illuminate\\Pipeline\\{closure}(Object(Illuminate\\Http\\Request))
#20 /home/malcian/malcians.online/www/vendor/laravel/framework/src/Illuminate/Pipeline/Pipeline.php(167): Fideloper\\Proxy\\TrustProxies->handle(Object(Illuminate\\Http\\Request), Object(Closure))
#21 /home/malcian/malcians.online/www/vendor/laravel/framework/src/Illuminate/Foundation/Http/Middleware/TransformsRequest.php(21): Illuminate\\Pipeline\\Pipeline->Illuminate\\Pipeline\\{closure}(Object(Illuminate\\Http\\Request))
#22 /home/malcian/malcians.online/www/vendor/laravel/framework/src/Illuminate/Foundation/Http/Middleware/ConvertEmptyStringsToNull.php(31): Illuminate\\Foundation\\Http\\Middleware\\TransformsRequest->handle(Object(Illuminate\\Http\\Request), Object(Closure))
#23 /home/malcian/malcians.online/www/vendor/laravel/framework/src/Illuminate/Pipeline/Pipeline.php(167): Illuminate\\Foundation\\Http\\Middleware\\ConvertEmptyStringsToNull->handle(Object(Illuminate\\Http\\Request), Object(Closure))
#24 /home/malcian/malcians.online/www/vendor/laravel/framework/src/Illuminate/Foundation/Http/Middleware/TransformsRequest.php(21): Illuminate\\Pipeline\\Pipeline->Illuminate\\Pipeline\\{closure}(Object(Illuminate\\Http\\Request))
#25 /home/malcian/malcians.online/www/vendor/laravel/framework/src/Illuminate/Foundation/Http/Middleware/TrimStrings.php(40): Illuminate\\Foundation\\Http\\Middleware\\TransformsRequest->handle(Object(Illuminate\\Http\\Request), Object(Closure))
#26 /home/malcian/malcians.online/www/vendor/laravel/framework/src/Illuminate/Pipeline/Pipeline.php(167): Illuminate\\Foundation\\Http\\Middleware\\TrimStrings->handle(Object(Illuminate\\Http\\Request), Object(Closure))
#27 /home/malcian/malcians.online/www/vendor/laravel/framework/src/Illuminate/Foundation/Http/Middleware/ValidatePostSize.php(27): Illuminate\\Pipeline\\Pipeline->Illuminate\\Pipeline\\{closure}(Object(Illuminate\\Http\\Request))
#28 /home/malcian/malcians.online/www/vendor/laravel/framework/src/Illuminate/Pipeline/Pipeline.php(167): Illuminate\\Foundation\\Http\\Middleware\\ValidatePostSize->handle(Object(Illuminate\\Http\\Request), Object(Closure))
#29 /home/malcian/malcians.online/www/vendor/laravel/framework/src/Illuminate/Foundation/Http/Middleware/PreventRequestsDuringMaintenance.php(86): Illuminate\\Pipeline\\Pipeline->Illuminate\\Pipeline\\{closure}(Object(Illuminate\\Http\\Request))
#30 /home/malcian/malcians.online/www/vendor/laravel/framework/src/Illuminate/Pipeline/Pipeline.php(167): Illuminate\\Foundation\\Http\\Middleware\\PreventRequestsDuringMaintenance->handle(Object(Illuminate\\Http\\Request), Object(Closure))
#31 /home/malcian/malcians.online/www/vendor/laravel/framework/src/Illuminate/Pipeline/Pipeline.php(103): Illuminate\\Pipeline\\Pipeline->Illuminate\\Pipeline\\{closure}(Object(Illuminate\\Http\\Request))
#32 /home/malcian/malcians.online/www/vendor/laravel/framework/src/Illuminate/Foundation/Http/Kernel.php(142): Illuminate\\Pipeline\\Pipeline->then(Object(Closure))
#33 /home/malcian/malcians.online/www/vendor/laravel/framework/src/Illuminate/Foundation/Http/Kernel.php(111): Illuminate\\Foundation\\Http\\Kernel->sendRequestThroughRouter(Object(Illuminate\\Http\\Request))
#34 /home/malcian/malcians.online/www/public/index.php(54): Illuminate\\Foundation\\Http\\Kernel->handle(Object(Illuminate\\Http\\Request))
#35 {main}
"} 
[2026-06-30 21:24:18] production.ERROR: Target class [App\Http\Controllers\Admin\Data\DailyController] does not exist. {"exception":"[object] (Illuminate\\Contracts\\Container\\BindingResolutionException(code: 0): Target class [App\\Http\\Controllers\\Admin\\Data\\DailyController] does not exist. at /home/malcian/malcians.online/www/vendor/laravel/framework/src/Illuminate/Container/Container.php:879)
[stacktrace]
#0 /home/malcian/malcians.online/www/vendor/laravel/framework/src/Illuminate/Container/Container.php(758): Illuminate\\Container\\Container->build('App\\\\Http\\\\Contro...')
#1 /home/malcian/malcians.online/www/vendor/laravel/framework/src/Illuminate/Foundation/Application.php(853): Illuminate\\Container\\Container->resolve('App\\\\Http\\\\Contro...', Array, true)
#2 /home/malcian/malcians.online/www/vendor/laravel/framework/src/Illuminate/Container/Container.php(694): Illuminate\\Foundation\\Application->resolve('App\\\\Http\\\\Contro...', Array)
#3 /home/malcian/malcians.online/www/vendor/laravel/framework/src/Illuminate/Foundation/Application.php(838): Illuminate\\Container\\Container->make('App\\\\Http\\\\Contro...', Array)
#4 /home/malcian/malcians.online/www/vendor/laravel/framework/src/Illuminate/Routing/Route.php(276): Illuminate\\Foundation\\Application->make('App\\\\Http\\\\Contro...')
#5 /home/malcian/malcians.online/www/vendor/laravel/framework/src/Illuminate/Routing/Route.php(1080): Illuminate\\Routing\\Route->getController()
#6 /home/malcian/malcians.online/www/vendor/laravel/framework/src/Illuminate/Routing/Route.php(1023): Illuminate\\Routing\\Route->controllerMiddleware()
#7 /home/malcian/malcians.online/www/vendor/laravel/framework/src/Illuminate/Routing/Router.php(734): Illuminate\\Routing\\Route->gatherMiddleware()
#8 /home/malcian/malcians.online/www/vendor/laravel/framework/src/Illuminate/Routing/Router.php(714): Illuminate\\Routing\\Router->gatherRouteMiddleware(Object(Illuminate\\Routing\\Route))
#9 /home/malcian/malcians.online/www/vendor/laravel/framework/src/Illuminate/Routing/Router.php(698): Illuminate\\Routing\\Router->runRouteWithinStack(Object(Illuminate\\Routing\\Route), Object(Illuminate\\Http\\Request))
#10 /home/malcian/malcians.online/www/vendor/laravel/framework/src/Illuminate/Routing/Router.php(662): Illuminate\\Routing\\Router->runRoute(Object(Illuminate\\Http\\Request), Object(Illuminate\\Routing\\Route))
#11 /home/malcian/malcians.online/www/vendor/laravel/framework/src/Illuminate/Routing/Router.php(651): Illuminate\\Routing\\Router->dispatchToRoute(Object(Illuminate\\Http\\Request))
#12 /home/malcian/malcians.online/www/vendor/laravel/framework/src/Illuminate/Foundation/Http/Kernel.php(167): Illuminate\\Routing\\Router->dispatch(Object(Illuminate\\Http\\Request))
#13 /home/malcian/malcians.online/www/vendor/laravel/framework/src/Illuminate/Pipeline/Pipeline.php(128): Illuminate\\Foundation\\Http\\Kernel->Illuminate\\Foundation\\Http\\{closure}(Object(Illuminate\\Http\\Request))
#14 /home/malcian/malcians.online/www/app/Http/Middleware/SanitizeEmails.php(29): Illuminate\\Pipeline\\Pipeline->Illuminate\\Pipeline\\{closure}(Object(Illuminate\\Http\\Request))
#15 /home/malcian/malcians.online/www/vendor/laravel/framework/src/Illuminate/Pipeline/Pipeline.php(167): App\\Http\\Middleware\\SanitizeEmails->handle(Object(Illuminate\\Http\\Request), Object(Closure))
#16 /home/malcian/malcians.online/www/app/Http/Middleware/ParsePostRequestFields.php(42): Illuminate\\Pipeline\\Pipeline->Illuminate\\Pipeline\\{closure}(Object(Illuminate\\Http\\Request))
#17 /home/malcian/malcians.online/www/vendor/laravel/framework/src/Illuminate/Pipeline/Pipeline.php(167): App\\Http\\Middleware\\ParsePostRequestFields->handle(Object(Illuminate\\Http\\Request), Object(Closure))
#18 /home/malcian/malcians.online/www/vendor/fideloper/proxy/src/TrustProxies.php(57): Illuminate\\Pipeline\\Pipeline->Illuminate\\Pipeline\\{closure}(Object(Illuminate\\Http\\Request))
#19 /home/malcian/malcians.online/www/vendor/laravel/framework/src/Illuminate/Pipeline/Pipeline.php(167): Fideloper\\Proxy\\TrustProxies->handle(Object(Illuminate\\Http\\Request), Object(Closure))
#20 /home/malcian/malcians.online/www/vendor/laravel/framework/src/Illuminate/Foundation/Http/Middleware/TransformsRequest.php(21): Illuminate\\Pipeline\\Pipeline->Illuminate\\Pipeline\\{closure}(Object(Illuminate\\Http\\Request))
#21 /home/malcian/malcians.online/www/vendor/laravel/framework/src/Illuminate/Foundation/Http/Middleware/ConvertEmptyStringsToNull.php(31): Illuminate\\Foundation\\Http\\Middleware\\TransformsRequest->handle(Object(Illuminate\\Http\\Request), Object(Closure))
#22 /home/malcian/malcians.online/www/vendor/laravel/framework/src/Illuminate/Pipeline/Pipeline.php(167): Illuminate\\Foundation\\Http\\Middleware\\ConvertEmptyStringsToNull->handle(Object(Illuminate\\Http\\Request), Object(Closure))
#23 /home/malcian/malcians.online/www/vendor/laravel/framework/src/Illuminate/Foundation/Http/Middleware/TransformsRequest.php(21): Illuminate\\Pipeline\\Pipeline->Illuminate\\Pipeline\\{closure}(Object(Illuminate\\Http\\Request))
#24 /home/malcian/malcians.online/www/vendor/laravel/framework/src/Illuminate/Foundation/Http/Middleware/TrimStrings.php(40): Illuminate\\Foundation\\Http\\Middleware\\TransformsRequest->handle(Object(Illuminate\\Http\\Request), Object(Closure))
#25 /home/malcian/malcians.online/www/vendor/laravel/framework/src/Illuminate/Pipeline/Pipeline.php(167): Illuminate\\Foundation\\Http\\Middleware\\TrimStrings->handle(Object(Illuminate\\Http\\Request), Object(Closure))
#26 /home/malcian/malcians.online/www/vendor/laravel/framework/src/Illuminate/Foundation/Http/Middleware/ValidatePostSize.php(27): Illuminate\\Pipeline\\Pipeline->Illuminate\\Pipeline\\{closure}(Object(Illuminate\\Http\\Request))
#27 /home/malcian/malcians.online/www/vendor/laravel/framework/src/Illuminate/Pipeline/Pipeline.php(167): Illuminate\\Foundation\\Http\\Middleware\\ValidatePostSize->handle(Object(Illuminate\\Http\\Request), Object(Closure))
#28 /home/malcian/malcians.online/www/vendor/laravel/framework/src/Illuminate/Foundation/Http/Middleware/PreventRequestsDuringMaintenance.php(86): Illuminate\\Pipeline\\Pipeline->Illuminate\\Pipeline\\{closure}(Object(Illuminate\\Http\\Request))
#29 /home/malcian/malcians.online/www/vendor/laravel/framework/src/Illuminate/Pipeline/Pipeline.php(167): Illuminate\\Foundation\\Http\\Middleware\\PreventRequestsDuringMaintenance->handle(Object(Illuminate\\Http\\Request), Object(Closure))
#30 /home/malcian/malcians.online/www/vendor/laravel/framework/src/Illuminate/Pipeline/Pipeline.php(103): Illuminate\\Pipeline\\Pipeline->Illuminate\\Pipeline\\{closure}(Object(Illuminate\\Http\\Request))
#31 /home/malcian/malcians.online/www/vendor/laravel/framework/src/Illuminate/Foundation/Http/Kernel.php(142): Illuminate\\Pipeline\\Pipeline->then(Object(Closure))
#32 /home/malcian/malcians.online/www/vendor/laravel/framework/src/Illuminate/Foundation/Http/Kernel.php(111): Illuminate\\Foundation\\Http\\Kernel->sendRequestThroughRouter(Object(Illuminate\\Http\\Request))
#33 /home/malcian/malcians.online/www/public/index.php(54): Illuminate\\Foundation\\Http\\Kernel->handle(Object(Illuminate\\Http\\Request))
#34 {main}

[previous exception] [object] (ReflectionException(code: -1): Class \"App\\Http\\Controllers\\Admin\\Data\\DailyController\" does not exist at /home/malcian/malcians.online/www/vendor/laravel/framework/src/Illuminate/Container/Container.php:877)
[stacktrace]
#0 /home/malcian/malcians.online/www/vendor/laravel/framework/src/Illuminate/Container/Container.php(877): ReflectionClass->__construct('App\\\\Http\\\\Contro...')
#1 /home/malcian/malcians.online/www/vendor/laravel/framework/src/Illuminate/Container/Container.php(758): Illuminate\\Container\\Container->build('App\\\\Http\\\\Contro...')
#2 /home/malcian/malcians.online/www/vendor/laravel/framework/src/Illuminate/Foundation/Application.php(853): Illuminate\\Container\\Container->resolve('App\\\\Http\\\\Contro...', Array, true)
#3 /home/malcian/malcians.online/www/vendor/laravel/framework/src/Illuminate/Container/Container.php(694): Illuminate\\Foundation\\Application->resolve('App\\\\Http\\\\Contro...', Array)
#4 /home/malcian/malcians.online/www/vendor/laravel/framework/src/Illuminate/Foundation/Application.php(838): Illuminate\\Container\\Container->make('App\\\\Http\\\\Contro...', Array)
#5 /home/malcian/malcians.online/www/vendor/laravel/framework/src/Illuminate/Routing/Route.php(276): Illuminate\\Foundation\\Application->make('App\\\\Http\\\\Contro...')
#6 /home/malcian/malcians.online/www/vendor/laravel/framework/src/Illuminate/Routing/Route.php(1080): Illuminate\\Routing\\Route->getController()
#7 /home/malcian/malcians.online/www/vendor/laravel/framework/src/Illuminate/Routing/Route.php(1023): Illuminate\\Routing\\Route->controllerMiddleware()
#8 /home/malcian/malcians.online/www/vendor/laravel/framework/src/Illuminate/Routing/Router.php(734): Illuminate\\Routing\\Route->gatherMiddleware()
#9 /home/malcian/malcians.online/www/vendor/laravel/framework/src/Illuminate/Routing/Router.php(714): Illuminate\\Routing\\Router->gatherRouteMiddleware(Object(Illuminate\\Routing\\Route))
#10 /home/malcian/malcians.online/www/vendor/laravel/framework/src/Illuminate/Routing/Router.php(698): Illuminate\\Routing\\Router->runRouteWithinStack(Object(Illuminate\\Routing\\Route), Object(Illuminate\\Http\\Request))
#11 /home/malcian/malcians.online/www/vendor/laravel/framework/src/Illuminate/Routing/Router.php(662): Illuminate\\Routing\\Router->runRoute(Object(Illuminate\\Http\\Request), Object(Illuminate\\Routing\\Route))
#12 /home/malcian/malcians.online/www/vendor/laravel/framework/src/Illuminate/Routing/Router.php(651): Illuminate\\Routing\\Router->dispatchToRoute(Object(Illuminate\\Http\\Request))
#13 /home/malcian/malcians.online/www/vendor/laravel/framework/src/Illuminate/Foundation/Http/Kernel.php(167): Illuminate\\Routing\\Router->dispatch(Object(Illuminate\\Http\\Request))
#14 /home/malcian/malcians.online/www/vendor/laravel/framework/src/Illuminate/Pipeline/Pipeline.php(128): Illuminate\\Foundation\\Http\\Kernel->Illuminate\\Foundation\\Http\\{closure}(Object(Illuminate\\Http\\Request))
#15 /home/malcian/malcians.online/www/app/Http/Middleware/SanitizeEmails.php(29): Illuminate\\Pipeline\\Pipeline->Illuminate\\Pipeline\\{closure}(Object(Illuminate\\Http\\Request))
#16 /home/malcian/malcians.online/www/vendor/laravel/framework/src/Illuminate/Pipeline/Pipeline.php(167): App\\Http\\Middleware\\SanitizeEmails->handle(Object(Illuminate\\Http\\Request), Object(Closure))
#17 /home/malcian/malcians.online/www/app/Http/Middleware/ParsePostRequestFields.php(42): Illuminate\\Pipeline\\Pipeline->Illuminate\\Pipeline\\{closure}(Object(Illuminate\\Http\\Request))
#18 /home/malcian/malcians.online/www/vendor/laravel/framework/src/Illuminate/Pipeline/Pipeline.php(167): App\\Http\\Middleware\\ParsePostRequestFields->handle(Object(Illuminate\\Http\\Request), Object(Closure))
#19 /home/malcian/malcians.online/www/vendor/fideloper/proxy/src/TrustProxies.php(57): Illuminate\\Pipeline\\Pipeline->Illuminate\\Pipeline\\{closure}(Object(Illuminate\\Http\\Request))
#20 /home/malcian/malcians.online/www/vendor/laravel/framework/src/Illuminate/Pipeline/Pipeline.php(167): Fideloper\\Proxy\\TrustProxies->handle(Object(Illuminate\\Http\\Request), Object(Closure))
#21 /home/malcian/malcians.online/www/vendor/laravel/framework/src/Illuminate/Foundation/Http/Middleware/TransformsRequest.php(21): Illuminate\\Pipeline\\Pipeline->Illuminate\\Pipeline\\{closure}(Object(Illuminate\\Http\\Request))
#22 /home/malcian/malcians.online/www/vendor/laravel/framework/src/Illuminate/Foundation/Http/Middleware/ConvertEmptyStringsToNull.php(31): Illuminate\\Foundation\\Http\\Middleware\\TransformsRequest->handle(Object(Illuminate\\Http\\Request), Object(Closure))
#23 /home/malcian/malcians.online/www/vendor/laravel/framework/src/Illuminate/Pipeline/Pipeline.php(167): Illuminate\\Foundation\\Http\\Middleware\\ConvertEmptyStringsToNull->handle(Object(Illuminate\\Http\\Request), Object(Closure))
#24 /home/malcian/malcians.online/www/vendor/laravel/framework/src/Illuminate/Foundation/Http/Middleware/TransformsRequest.php(21): Illuminate\\Pipeline\\Pipeline->Illuminate\\Pipeline\\{closure}(Object(Illuminate\\Http\\Request))
#25 /home/malcian/malcians.online/www/vendor/laravel/framework/src/Illuminate/Foundation/Http/Middleware/TrimStrings.php(40): Illuminate\\Foundation\\Http\\Middleware\\TransformsRequest->handle(Object(Illuminate\\Http\\Request), Object(Closure))
#26 /home/malcian/malcians.online/www/vendor/laravel/framework/src/Illuminate/Pipeline/Pipeline.php(167): Illuminate\\Foundation\\Http\\Middleware\\TrimStrings->handle(Object(Illuminate\\Http\\Request), Object(Closure))
#27 /home/malcian/malcians.online/www/vendor/laravel/framework/src/Illuminate/Foundation/Http/Middleware/ValidatePostSize.php(27): Illuminate\\Pipeline\\Pipeline->Illuminate\\Pipeline\\{closure}(Object(Illuminate\\Http\\Request))
#28 /home/malcian/malcians.online/www/vendor/laravel/framework/src/Illuminate/Pipeline/Pipeline.php(167): Illuminate\\Foundation\\Http\\Middleware\\ValidatePostSize->handle(Object(Illuminate\\Http\\Request), Object(Closure))
#29 /home/malcian/malcians.online/www/vendor/laravel/framework/src/Illuminate/Foundation/Http/Middleware/PreventRequestsDuringMaintenance.php(86): Illuminate\\Pipeline\\Pipeline->Illuminate\\Pipeline\\{closure}(Object(Illuminate\\Http\\Request))
#30 /home/malcian/malcians.online/www/vendor/laravel/framework/src/Illuminate/Pipeline/Pipeline.php(167): Illuminate\\Foundation\\Http\\Middleware\\PreventRequestsDuringMaintenance->handle(Object(Illuminate\\Http\\Request), Object(Closure))
#31 /home/malcian/malcians.online/www/vendor/laravel/framework/src/Illuminate/Pipeline/Pipeline.php(103): Illuminate\\Pipeline\\Pipeline->Illuminate\\Pipeline\\{closure}(Object(Illuminate\\Http\\Request))
#32 /home/malcian/malcians.online/www/vendor/laravel/framework/src/Illuminate/Foundation/Http/Kernel.php(142): Illuminate\\Pipeline\\Pipeline->then(Object(Closure))
#33 /home/malcian/malcians.online/www/vendor/laravel/framework/src/Illuminate/Foundation/Http/Kernel.php(111): Illuminate\\Foundation\\Http\\Kernel->sendRequestThroughRouter(Object(Illuminate\\Http\\Request))
#34 /home/malcian/malcians.online/www/public/index.php(54): Illuminate\\Foundation\\Http\\Kernel->handle(Object(Illuminate\\Http\\Request))
#35 {main}
"} 
[2026-06-30 21:28:37] production.ERROR: Target class [App\Http\Controllers\DailyController] does not exist. {"exception":"[object] (Illuminate\\Contracts\\Container\\BindingResolutionException(code: 0): Target class [App\\Http\\Controllers\\DailyController] does not exist. at /home/malcian/malcians.online/www/vendor/laravel/framework/src/Illuminate/Container/Container.php:879)
[stacktrace]
#0 /home/malcian/malcians.online/www/vendor/laravel/framework/src/Illuminate/Container/Container.php(758): Illuminate\\Container\\Container->build('App\\\\Http\\\\Contro...')
#1 /home/malcian/malcians.online/www/vendor/laravel/framework/src/Illuminate/Foundation/Application.php(853): Illuminate\\Container\\Container->resolve('App\\\\Http\\\\Contro...', Array, true)
#2 /home/malcian/malcians.online/www/vendor/laravel/framework/src/Illuminate/Container/Container.php(694): Illuminate\\Foundation\\Application->resolve('App\\\\Http\\\\Contro...', Array)
#3 /home/malcian/malcians.online/www/vendor/laravel/framework/src/Illuminate/Foundation/Application.php(838): Illuminate\\Container\\Container->make('App\\\\Http\\\\Contro...', Array)
#4 /home/malcian/malcians.online/www/vendor/laravel/framework/src/Illuminate/Routing/Route.php(276): Illuminate\\Foundation\\Application->make('App\\\\Http\\\\Contro...')
#5 /home/malcian/malcians.online/www/vendor/laravel/framework/src/Illuminate/Routing/Route.php(1080): Illuminate\\Routing\\Route->getController()
#6 /home/malcian/malcians.online/www/vendor/laravel/framework/src/Illuminate/Routing/Route.php(1023): Illuminate\\Routing\\Route->controllerMiddleware()
#7 /home/malcian/malcians.online/www/vendor/laravel/framework/src/Illuminate/Routing/Router.php(734): Illuminate\\Routing\\Route->gatherMiddleware()
#8 /home/malcian/malcians.online/www/vendor/laravel/framework/src/Illuminate/Routing/Router.php(714): Illuminate\\Routing\\Router->gatherRouteMiddleware(Object(Illuminate\\Routing\\Route))
#9 /home/malcian/malcians.online/www/vendor/laravel/framework/src/Illuminate/Routing/Router.php(698): Illuminate\\Routing\\Router->runRouteWithinStack(Object(Illuminate\\Routing\\Route), Object(Illuminate\\Http\\Request))
#10 /home/malcian/malcians.online/www/vendor/laravel/framework/src/Illuminate/Routing/Router.php(662): Illuminate\\Routing\\Router->runRoute(Object(Illuminate\\Http\\Request), Object(Illuminate\\Routing\\Route))
#11 /home/malcian/malcians.online/www/vendor/laravel/framework/src/Illuminate/Routing/Router.php(651): Illuminate\\Routing\\Router->dispatchToRoute(Object(Illuminate\\Http\\Request))
#12 /home/malcian/malcians.online/www/vendor/laravel/framework/src/Illuminate/Foundation/Http/Kernel.php(167): Illuminate\\Routing\\Router->dispatch(Object(Illuminate\\Http\\Request))
#13 /home/malcian/malcians.online/www/vendor/laravel/framework/src/Illuminate/Pipeline/Pipeline.php(128): Illuminate\\Foundation\\Http\\Kernel->Illuminate\\Foundation\\Http\\{closure}(Object(Illuminate\\Http\\Request))
#14 /home/malcian/malcians.online/www/app/Http/Middleware/SanitizeEmails.php(29): Illuminate\\Pipeline\\Pipeline->Illuminate\\Pipeline\\{closure}(Object(Illuminate\\Http\\Request))
#15 /home/malcian/malcians.online/www/vendor/laravel/framework/src/Illuminate/Pipeline/Pipeline.php(167): App\\Http\\Middleware\\SanitizeEmails->handle(Object(Illuminate\\Http\\Request), Object(Closure))
#16 /home/malcian/malcians.online/www/app/Http/Middleware/ParsePostRequestFields.php(42): Illuminate\\Pipeline\\Pipeline->Illuminate\\Pipeline\\{closure}(Object(Illuminate\\Http\\Request))
#17 /home/malcian/malcians.online/www/vendor/laravel/framework/src/Illuminate/Pipeline/Pipeline.php(167): App\\Http\\Middleware\\ParsePostRequestFields->handle(Object(Illuminate\\Http\\Request), Object(Closure))
#18 /home/malcian/malcians.online/www/vendor/fideloper/proxy/src/TrustProxies.php(57): Illuminate\\Pipeline\\Pipeline->Illuminate\\Pipeline\\{closure}(Object(Illuminate\\Http\\Request))
#19 /home/malcian/malcians.online/www/vendor/laravel/framework/src/Illuminate/Pipeline/Pipeline.php(167): Fideloper\\Proxy\\TrustProxies->handle(Object(Illuminate\\Http\\Request), Object(Closure))
#20 /home/malcian/malcians.online/www/vendor/laravel/framework/src/Illuminate/Foundation/Http/Middleware/TransformsRequest.php(21): Illuminate\\Pipeline\\Pipeline->Illuminate\\Pipeline\\{closure}(Object(Illuminate\\Http\\Request))
#21 /home/malcian/malcians.online/www/vendor/laravel/framework/src/Illuminate/Foundation/Http/Middleware/ConvertEmptyStringsToNull.php(31): Illuminate\\Foundation\\Http\\Middleware\\TransformsRequest->handle(Object(Illuminate\\Http\\Request), Object(Closure))
#22 /home/malcian/malcians.online/www/vendor/laravel/framework/src/Illuminate/Pipeline/Pipeline.php(167): Illuminate\\Foundation\\Http\\Middleware\\ConvertEmptyStringsToNull->handle(Object(Illuminate\\Http\\Request), Object(Closure))
#23 /home/malcian/malcians.online/www/vendor/laravel/framework/src/Illuminate/Foundation/Http/Middleware/TransformsRequest.php(21): Illuminate\\Pipeline\\Pipeline->Illuminate\\Pipeline\\{closure}(Object(Illuminate\\Http\\Request))
#24 /home/malcian/malcians.online/www/vendor/laravel/framework/src/Illuminate/Foundation/Http/Middleware/TrimStrings.php(40): Illuminate\\Foundation\\Http\\Middleware\\TransformsRequest->handle(Object(Illuminate\\Http\\Request), Object(Closure))
#25 /home/malcian/malcians.online/www/vendor/laravel/framework/src/Illuminate/Pipeline/Pipeline.php(167): Illuminate\\Foundation\\Http\\Middleware\\TrimStrings->handle(Object(Illuminate\\Http\\Request), Object(Closure))
#26 /home/malcian/malcians.online/www/vendor/laravel/framework/src/Illuminate/Foundation/Http/Middleware/ValidatePostSize.php(27): Illuminate\\Pipeline\\Pipeline->Illuminate\\Pipeline\\{closure}(Object(Illuminate\\Http\\Request))
#27 /home/malcian/malcians.online/www/vendor/laravel/framework/src/Illuminate/Pipeline/Pipeline.php(167): Illuminate\\Foundation\\Http\\Middleware\\ValidatePostSize->handle(Object(Illuminate\\Http\\Request), Object(Closure))
#28 /home/malcian/malcians.online/www/vendor/laravel/framework/src/Illuminate/Foundation/Http/Middleware/PreventRequestsDuringMaintenance.php(86): Illuminate\\Pipeline\\Pipeline->Illuminate\\Pipeline\\{closure}(Object(Illuminate\\Http\\Request))
#29 /home/malcian/malcians.online/www/vendor/laravel/framework/src/Illuminate/Pipeline/Pipeline.php(167): Illuminate\\Foundation\\Http\\Middleware\\PreventRequestsDuringMaintenance->handle(Object(Illuminate\\Http\\Request), Object(Closure))
#30 /home/malcian/malcians.online/www/vendor/laravel/framework/src/Illuminate/Pipeline/Pipeline.php(103): Illuminate\\Pipeline\\Pipeline->Illuminate\\Pipeline\\{closure}(Object(Illuminate\\Http\\Request))
#31 /home/malcian/malcians.online/www/vendor/laravel/framework/src/Illuminate/Foundation/Http/Kernel.php(142): Illuminate\\Pipeline\\Pipeline->then(Object(Closure))
#32 /home/malcian/malcians.online/www/vendor/laravel/framework/src/Illuminate/Foundation/Http/Kernel.php(111): Illuminate\\Foundation\\Http\\Kernel->sendRequestThroughRouter(Object(Illuminate\\Http\\Request))
#33 /home/malcian/malcians.online/www/public/index.php(54): Illuminate\\Foundation\\Http\\Kernel->handle(Object(Illuminate\\Http\\Request))
#34 {main}

[previous exception] [object] (ReflectionException(code: -1): Class \"App\\Http\\Controllers\\DailyController\" does not exist at /home/malcian/malcians.online/www/vendor/laravel/framework/src/Illuminate/Container/Container.php:877)
[stacktrace]
#0 /home/malcian/malcians.online/www/vendor/laravel/framework/src/Illuminate/Container/Container.php(877): ReflectionClass->__construct('App\\\\Http\\\\Contro...')
#1 /home/malcian/malcians.online/www/vendor/laravel/framework/src/Illuminate/Container/Container.php(758): Illuminate\\Container\\Container->build('App\\\\Http\\\\Contro...')
#2 /home/malcian/malcians.online/www/vendor/laravel/framework/src/Illuminate/Foundation/Application.php(853): Illuminate\\Container\\Container->resolve('App\\\\Http\\\\Contro...', Array, true)
#3 /home/malcian/malcians.online/www/vendor/laravel/framework/src/Illuminate/Container/Container.php(694): Illuminate\\Foundation\\Application->resolve('App\\\\Http\\\\Contro...', Array)
#4 /home/malcian/malcians.online/www/vendor/laravel/framework/src/Illuminate/Foundation/Application.php(838): Illuminate\\Container\\Container->make('App\\\\Http\\\\Contro...', Array)
#5 /home/malcian/malcians.online/www/vendor/laravel/framework/src/Illuminate/Routing/Route.php(276): Illuminate\\Foundation\\Application->make('App\\\\Http\\\\Contro...')
#6 /home/malcian/malcians.online/www/vendor/laravel/framework/src/Illuminate/Routing/Route.php(1080): Illuminate\\Routing\\Route->getController()
#7 /home/malcian/malcians.online/www/vendor/laravel/framework/src/Illuminate/Routing/Route.php(1023): Illuminate\\Routing\\Route->controllerMiddleware()
#8 /home/malcian/malcians.online/www/vendor/laravel/framework/src/Illuminate/Routing/Router.php(734): Illuminate\\Routing\\Route->gatherMiddleware()
#9 /home/malcian/malcians.online/www/vendor/laravel/framework/src/Illuminate/Routing/Router.php(714): Illuminate\\Routing\\Router->gatherRouteMiddleware(Object(Illuminate\\Routing\\Route))
#10 /home/malcian/malcians.online/www/vendor/laravel/framework/src/Illuminate/Routing/Router.php(698): Illuminate\\Routing\\Router->runRouteWithinStack(Object(Illuminate\\Routing\\Route), Object(Illuminate\\Http\\Request))
#11 /home/malcian/malcians.online/www/vendor/laravel/framework/src/Illuminate/Routing/Router.php(662): Illuminate\\Routing\\Router->runRoute(Object(Illuminate\\Http\\Request), Object(Illuminate\\Routing\\Route))
#12 /home/malcian/malcians.online/www/vendor/laravel/framework/src/Illuminate/Routing/Router.php(651): Illuminate\\Routing\\Router->dispatchToRoute(Object(Illuminate\\Http\\Request))
#13 /home/malcian/malcians.online/www/vendor/laravel/framework/src/Illuminate/Foundation/Http/Kernel.php(167): Illuminate\\Routing\\Router->dispatch(Object(Illuminate\\Http\\Request))
#14 /home/malcian/malcians.online/www/vendor/laravel/framework/src/Illuminate/Pipeline/Pipeline.php(128): Illuminate\\Foundation\\Http\\Kernel->Illuminate\\Foundation\\Http\\{closure}(Object(Illuminate\\Http\\Request))
#15 /home/malcian/malcians.online/www/app/Http/Middleware/SanitizeEmails.php(29): Illuminate\\Pipeline\\Pipeline->Illuminate\\Pipeline\\{closure}(Object(Illuminate\\Http\\Request))
#16 /home/malcian/malcians.online/www/vendor/laravel/framework/src/Illuminate/Pipeline/Pipeline.php(167): App\\Http\\Middleware\\SanitizeEmails->handle(Object(Illuminate\\Http\\Request), Object(Closure))
#17 /home/malcian/malcians.online/www/app/Http/Middleware/ParsePostRequestFields.php(42): Illuminate\\Pipeline\\Pipeline->Illuminate\\Pipeline\\{closure}(Object(Illuminate\\Http\\Request))
#18 /home/malcian/malcians.online/www/vendor/laravel/framework/src/Illuminate/Pipeline/Pipeline.php(167): App\\Http\\Middleware\\ParsePostRequestFields->handle(Object(Illuminate\\Http\\Request), Object(Closure))
#19 /home/malcian/malcians.online/www/vendor/fideloper/proxy/src/TrustProxies.php(57): Illuminate\\Pipeline\\Pipeline->Illuminate\\Pipeline\\{closure}(Object(Illuminate\\Http\\Request))
#20 /home/malcian/malcians.online/www/vendor/laravel/framework/src/Illuminate/Pipeline/Pipeline.php(167): Fideloper\\Proxy\\TrustProxies->handle(Object(Illuminate\\Http\\Request), Object(Closure))
#21 /home/malcian/malcians.online/www/vendor/laravel/framework/src/Illuminate/Foundation/Http/Middleware/TransformsRequest.php(21): Illuminate\\Pipeline\\Pipeline->Illuminate\\Pipeline\\{closure}(Object(Illuminate\\Http\\Request))
#22 /home/malcian/malcians.online/www/vendor/laravel/framework/src/Illuminate/Foundation/Http/Middleware/ConvertEmptyStringsToNull.php(31): Illuminate\\Foundation\\Http\\Middleware\\TransformsRequest->handle(Object(Illuminate\\Http\\Request), Object(Closure))
#23 /home/malcian/malcians.online/www/vendor/laravel/framework/src/Illuminate/Pipeline/Pipeline.php(167): Illuminate\\Foundation\\Http\\Middleware\\ConvertEmptyStringsToNull->handle(Object(Illuminate\\Http\\Request), Object(Closure))
#24 /home/malcian/malcians.online/www/vendor/laravel/framework/src/Illuminate/Foundation/Http/Middleware/TransformsRequest.php(21): Illuminate\\Pipeline\\Pipeline->Illuminate\\Pipeline\\{closure}(Object(Illuminate\\Http\\Request))
#25 /home/malcian/malcians.online/www/vendor/laravel/framework/src/Illuminate/Foundation/Http/Middleware/TrimStrings.php(40): Illuminate\\Foundation\\Http\\Middleware\\TransformsRequest->handle(Object(Illuminate\\Http\\Request), Object(Closure))
#26 /home/malcian/malcians.online/www/vendor/laravel/framework/src/Illuminate/Pipeline/Pipeline.php(167): Illuminate\\Foundation\\Http\\Middleware\\TrimStrings->handle(Object(Illuminate\\Http\\Request), Object(Closure))
#27 /home/malcian/malcians.online/www/vendor/laravel/framework/src/Illuminate/Foundation/Http/Middleware/ValidatePostSize.php(27): Illuminate\\Pipeline\\Pipeline->Illuminate\\Pipeline\\{closure}(Object(Illuminate\\Http\\Request))
#28 /home/malcian/malcians.online/www/vendor/laravel/framework/src/Illuminate/Pipeline/Pipeline.php(167): Illuminate\\Foundation\\Http\\Middleware\\ValidatePostSize->handle(Object(Illuminate\\Http\\Request), Object(Closure))
#29 /home/malcian/malcians.online/www/vendor/laravel/framework/src/Illuminate/Foundation/Http/Middleware/PreventRequestsDuringMaintenance.php(86): Illuminate\\Pipeline\\Pipeline->Illuminate\\Pipeline\\{closure}(Object(Illuminate\\Http\\Request))
#30 /home/malcian/malcians.online/www/vendor/laravel/framework/src/Illuminate/Pipeline/Pipeline.php(167): Illuminate\\Foundation\\Http\\Middleware\\PreventRequestsDuringMaintenance->handle(Object(Illuminate\\Http\\Request), Object(Closure))
#31 /home/malcian/malcians.online/www/vendor/laravel/framework/src/Illuminate/Pipeline/Pipeline.php(103): Illuminate\\Pipeline\\Pipeline->Illuminate\\Pipeline\\{closure}(Object(Illuminate\\Http\\Request))
#32 /home/malcian/malcians.online/www/vendor/laravel/framework/src/Illuminate/Foundation/Http/Kernel.php(142): Illuminate\\Pipeline\\Pipeline->then(Object(Closure))
#33 /home/malcian/malcians.online/www/vendor/laravel/framework/src/Illuminate/Foundation/Http/Kernel.php(111): Illuminate\\Foundation\\Http\\Kernel->sendRequestThroughRouter(Object(Illuminate\\Http\\Request))
#34 /home/malcian/malcians.online/www/public/index.php(54): Illuminate\\Foundation\\Http\\Kernel->handle(Object(Illuminate\\Http\\Request))
#35 {main}
"} 
[2026-06-30 21:28:42] production.ERROR: Target class [App\Http\Controllers\Admin\Data\DailyController] does not exist. {"exception":"[object] (Illuminate\\Contracts\\Container\\BindingResolutionException(code: 0): Target class [App\\Http\\Controllers\\Admin\\Data\\DailyController] does not exist. at /home/malcian/malcians.online/www/vendor/laravel/framework/src/Illuminate/Container/Container.php:879)
[stacktrace]
#0 /home/malcian/malcians.online/www/vendor/laravel/framework/src/Illuminate/Container/Container.php(758): Illuminate\\Container\\Container->build('App\\\\Http\\\\Contro...')
#1 /home/malcian/malcians.online/www/vendor/laravel/framework/src/Illuminate/Foundation/Application.php(853): Illuminate\\Container\\Container->resolve('App\\\\Http\\\\Contro...', Array, true)
#2 /home/malcian/malcians.online/www/vendor/laravel/framework/src/Illuminate/Container/Container.php(694): Illuminate\\Foundation\\Application->resolve('App\\\\Http\\\\Contro...', Array)
#3 /home/malcian/malcians.online/www/vendor/laravel/framework/src/Illuminate/Foundation/Application.php(838): Illuminate\\Container\\Container->make('App\\\\Http\\\\Contro...', Array)
#4 /home/malcian/malcians.online/www/vendor/laravel/framework/src/Illuminate/Routing/Route.php(276): Illuminate\\Foundation\\Application->make('App\\\\Http\\\\Contro...')
#5 /home/malcian/malcians.online/www/vendor/laravel/framework/src/Illuminate/Routing/Route.php(1080): Illuminate\\Routing\\Route->getController()
#6 /home/malcian/malcians.online/www/vendor/laravel/framework/src/Illuminate/Routing/Route.php(1023): Illuminate\\Routing\\Route->controllerMiddleware()
#7 /home/malcian/malcians.online/www/vendor/laravel/framework/src/Illuminate/Routing/Router.php(734): Illuminate\\Routing\\Route->gatherMiddleware()
#8 /home/malcian/malcians.online/www/vendor/laravel/framework/src/Illuminate/Routing/Router.php(714): Illuminate\\Routing\\Router->gatherRouteMiddleware(Object(Illuminate\\Routing\\Route))
#9 /home/malcian/malcians.online/www/vendor/laravel/framework/src/Illuminate/Routing/Router.php(698): Illuminate\\Routing\\Router->runRouteWithinStack(Object(Illuminate\\Routing\\Route), Object(Illuminate\\Http\\Request))
#10 /home/malcian/malcians.online/www/vendor/laravel/framework/src/Illuminate/Routing/Router.php(662): Illuminate\\Routing\\Router->runRoute(Object(Illuminate\\Http\\Request), Object(Illuminate\\Routing\\Route))
#11 /home/malcian/malcians.online/www/vendor/laravel/framework/src/Illuminate/Routing/Router.php(651): Illuminate\\Routing\\Router->dispatchToRoute(Object(Illuminate\\Http\\Request))
#12 /home/malcian/malcians.online/www/vendor/laravel/framework/src/Illuminate/Foundation/Http/Kernel.php(167): Illuminate\\Routing\\Router->dispatch(Object(Illuminate\\Http\\Request))
#13 /home/malcian/malcians.online/www/vendor/laravel/framework/src/Illuminate/Pipeline/Pipeline.php(128): Illuminate\\Foundation\\Http\\Kernel->Illuminate\\Foundation\\Http\\{closure}(Object(Illuminate\\Http\\Request))
#14 /home/malcian/malcians.online/www/app/Http/Middleware/SanitizeEmails.php(29): Illuminate\\Pipeline\\Pipeline->Illuminate\\Pipeline\\{closure}(Object(Illuminate\\Http\\Request))
#15 /home/malcian/malcians.online/www/vendor/laravel/framework/src/Illuminate/Pipeline/Pipeline.php(167): App\\Http\\Middleware\\SanitizeEmails->handle(Object(Illuminate\\Http\\Request), Object(Closure))
#16 /home/malcian/malcians.online/www/app/Http/Middleware/ParsePostRequestFields.php(42): Illuminate\\Pipeline\\Pipeline->Illuminate\\Pipeline\\{closure}(Object(Illuminate\\Http\\Request))
#17 /home/malcian/malcians.online/www/vendor/laravel/framework/src/Illuminate/Pipeline/Pipeline.php(167): App\\Http\\Middleware\\ParsePostRequestFields->handle(Object(Illuminate\\Http\\Request), Object(Closure))
#18 /home/malcian/malcians.online/www/vendor/fideloper/proxy/src/TrustProxies.php(57): Illuminate\\Pipeline\\Pipeline->Illuminate\\Pipeline\\{closure}(Object(Illuminate\\Http\\Request))
#19 /home/malcian/malcians.online/www/vendor/laravel/framework/src/Illuminate/Pipeline/Pipeline.php(167): Fideloper\\Proxy\\TrustProxies->handle(Object(Illuminate\\Http\\Request), Object(Closure))
#20 /home/malcian/malcians.online/www/vendor/laravel/framework/src/Illuminate/Foundation/Http/Middleware/TransformsRequest.php(21): Illuminate\\Pipeline\\Pipeline->Illuminate\\Pipeline\\{closure}(Object(Illuminate\\Http\\Request))
#21 /home/malcian/malcians.online/www/vendor/laravel/framework/src/Illuminate/Foundation/Http/Middleware/ConvertEmptyStringsToNull.php(31): Illuminate\\Foundation\\Http\\Middleware\\TransformsRequest->handle(Object(Illuminate\\Http\\Request), Object(Closure))
#22 /home/malcian/malcians.online/www/vendor/laravel/framework/src/Illuminate/Pipeline/Pipeline.php(167): Illuminate\\Foundation\\Http\\Middleware\\ConvertEmptyStringsToNull->handle(Object(Illuminate\\Http\\Request), Object(Closure))
#23 /home/malcian/malcians.online/www/vendor/laravel/framework/src/Illuminate/Foundation/Http/Middleware/TransformsRequest.php(21): Illuminate\\Pipeline\\Pipeline->Illuminate\\Pipeline\\{closure}(Object(Illuminate\\Http\\Request))
#24 /home/malcian/malcians.online/www/vendor/laravel/framework/src/Illuminate/Foundation/Http/Middleware/TrimStrings.php(40): Illuminate\\Foundation\\Http\\Middleware\\TransformsRequest->handle(Object(Illuminate\\Http\\Request), Object(Closure))
#25 /home/malcian/malcians.online/www/vendor/laravel/framework/src/Illuminate/Pipeline/Pipeline.php(167): Illuminate\\Foundation\\Http\\Middleware\\TrimStrings->handle(Object(Illuminate\\Http\\Request), Object(Closure))
#26 /home/malcian/malcians.online/www/vendor/laravel/framework/src/Illuminate/Foundation/Http/Middleware/ValidatePostSize.php(27): Illuminate\\Pipeline\\Pipeline->Illuminate\\Pipeline\\{closure}(Object(Illuminate\\Http\\Request))
#27 /home/malcian/malcians.online/www/vendor/laravel/framework/src/Illuminate/Pipeline/Pipeline.php(167): Illuminate\\Foundation\\Http\\Middleware\\ValidatePostSize->handle(Object(Illuminate\\Http\\Request), Object(Closure))
#28 /home/malcian/malcians.online/www/vendor/laravel/framework/src/Illuminate/Foundation/Http/Middleware/PreventRequestsDuringMaintenance.php(86): Illuminate\\Pipeline\\Pipeline->Illuminate\\Pipeline\\{closure}(Object(Illuminate\\Http\\Request))
#29 /home/malcian/malcians.online/www/vendor/laravel/framework/src/Illuminate/Pipeline/Pipeline.php(167): Illuminate\\Foundation\\Http\\Middleware\\PreventRequestsDuringMaintenance->handle(Object(Illuminate\\Http\\Request), Object(Closure))
#30 /home/malcian/malcians.online/www/vendor/laravel/framework/src/Illuminate/Pipeline/Pipeline.php(103): Illuminate\\Pipeline\\Pipeline->Illuminate\\Pipeline\\{closure}(Object(Illuminate\\Http\\Request))
#31 /home/malcian/malcians.online/www/vendor/laravel/framework/src/Illuminate/Foundation/Http/Kernel.php(142): Illuminate\\Pipeline\\Pipeline->then(Object(Closure))
#32 /home/malcian/malcians.online/www/vendor/laravel/framework/src/Illuminate/Foundation/Http/Kernel.php(111): Illuminate\\Foundation\\Http\\Kernel->sendRequestThroughRouter(Object(Illuminate\\Http\\Request))
#33 /home/malcian/malcians.online/www/public/index.php(54): Illuminate\\Foundation\\Http\\Kernel->handle(Object(Illuminate\\Http\\Request))
#34 {main}

[previous exception] [object] (ReflectionException(code: -1): Class \"App\\Http\\Controllers\\Admin\\Data\\DailyController\" does not exist at /home/malcian/malcians.online/www/vendor/laravel/framework/src/Illuminate/Container/Container.php:877)
[stacktrace]
#0 /home/malcian/malcians.online/www/vendor/laravel/framework/src/Illuminate/Container/Container.php(877): ReflectionClass->__construct('App\\\\Http\\\\Contro...')
#1 /home/malcian/malcians.online/www/vendor/laravel/framework/src/Illuminate/Container/Container.php(758): Illuminate\\Container\\Container->build('App\\\\Http\\\\Contro...')
#2 /home/malcian/malcians.online/www/vendor/laravel/framework/src/Illuminate/Foundation/Application.php(853): Illuminate\\Container\\Container->resolve('App\\\\Http\\\\Contro...', Array, true)
#3 /home/malcian/malcians.online/www/vendor/laravel/framework/src/Illuminate/Container/Container.php(694): Illuminate\\Foundation\\Application->resolve('App\\\\Http\\\\Contro...', Array)
#4 /home/malcian/malcians.online/www/vendor/laravel/framework/src/Illuminate/Foundation/Application.php(838): Illuminate\\Container\\Container->make('App\\\\Http\\\\Contro...', Array)
#5 /home/malcian/malcians.online/www/vendor/laravel/framework/src/Illuminate/Routing/Route.php(276): Illuminate\\Foundation\\Application->make('App\\\\Http\\\\Contro...')
#6 /home/malcian/malcians.online/www/vendor/laravel/framework/src/Illuminate/Routing/Route.php(1080): Illuminate\\Routing\\Route->getController()
#7 /home/malcian/malcians.online/www/vendor/laravel/framework/src/Illuminate/Routing/Route.php(1023): Illuminate\\Routing\\Route->controllerMiddleware()
#8 /home/malcian/malcians.online/www/vendor/laravel/framework/src/Illuminate/Routing/Router.php(734): Illuminate\\Routing\\Route->gatherMiddleware()
#9 /home/malcian/malcians.online/www/vendor/laravel/framework/src/Illuminate/Routing/Router.php(714): Illuminate\\Routing\\Router->gatherRouteMiddleware(Object(Illuminate\\Routing\\Route))
#10 /home/malcian/malcians.online/www/vendor/laravel/framework/src/Illuminate/Routing/Router.php(698): Illuminate\\Routing\\Router->runRouteWithinStack(Object(Illuminate\\Routing\\Route), Object(Illuminate\\Http\\Request))
#11 /home/malcian/malcians.online/www/vendor/laravel/framework/src/Illuminate/Routing/Router.php(662): Illuminate\\Routing\\Router->runRoute(Object(Illuminate\\Http\\Request), Object(Illuminate\\Routing\\Route))
#12 /home/malcian/malcians.online/www/vendor/laravel/framework/src/Illuminate/Routing/Router.php(651): Illuminate\\Routing\\Router->dispatchToRoute(Object(Illuminate\\Http\\Request))
#13 /home/malcian/malcians.online/www/vendor/laravel/framework/src/Illuminate/Foundation/Http/Kernel.php(167): Illuminate\\Routing\\Router->dispatch(Object(Illuminate\\Http\\Request))
#14 /home/malcian/malcians.online/www/vendor/laravel/framework/src/Illuminate/Pipeline/Pipeline.php(128): Illuminate\\Foundation\\Http\\Kernel->Illuminate\\Foundation\\Http\\{closure}(Object(Illuminate\\Http\\Request))
#15 /home/malcian/malcians.online/www/app/Http/Middleware/SanitizeEmails.php(29): Illuminate\\Pipeline\\Pipeline->Illuminate\\Pipeline\\{closure}(Object(Illuminate\\Http\\Request))
#16 /home/malcian/malcians.online/www/vendor/laravel/framework/src/Illuminate/Pipeline/Pipeline.php(167): App\\Http\\Middleware\\SanitizeEmails->handle(Object(Illuminate\\Http\\Request), Object(Closure))
#17 /home/malcian/malcians.online/www/app/Http/Middleware/ParsePostRequestFields.php(42): Illuminate\\Pipeline\\Pipeline->Illuminate\\Pipeline\\{closure}(Object(Illuminate\\Http\\Request))
#18 /home/malcian/malcians.online/www/vendor/laravel/framework/src/Illuminate/Pipeline/Pipeline.php(167): App\\Http\\Middleware\\ParsePostRequestFields->handle(Object(Illuminate\\Http\\Request), Object(Closure))
#19 /home/malcian/malcians.online/www/vendor/fideloper/proxy/src/TrustProxies.php(57): Illuminate\\Pipeline\\Pipeline->Illuminate\\Pipeline\\{closure}(Object(Illuminate\\Http\\Request))
#20 /home/malcian/malcians.online/www/vendor/laravel/framework/src/Illuminate/Pipeline/Pipeline.php(167): Fideloper\\Proxy\\TrustProxies->handle(Object(Illuminate\\Http\\Request), Object(Closure))
#21 /home/malcian/malcians.online/www/vendor/laravel/framework/src/Illuminate/Foundation/Http/Middleware/TransformsRequest.php(21): Illuminate\\Pipeline\\Pipeline->Illuminate\\Pipeline\\{closure}(Object(Illuminate\\Http\\Request))
#22 /home/malcian/malcians.online/www/vendor/laravel/framework/src/Illuminate/Foundation/Http/Middleware/ConvertEmptyStringsToNull.php(31): Illuminate\\Foundation\\Http\\Middleware\\TransformsRequest->handle(Object(Illuminate\\Http\\Request), Object(Closure))
#23 /home/malcian/malcians.online/www/vendor/laravel/framework/src/Illuminate/Pipeline/Pipeline.php(167): Illuminate\\Foundation\\Http\\Middleware\\ConvertEmptyStringsToNull->handle(Object(Illuminate\\Http\\Request), Object(Closure))
#24 /home/malcian/malcians.online/www/vendor/laravel/framework/src/Illuminate/Foundation/Http/Middleware/TransformsRequest.php(21): Illuminate\\Pipeline\\Pipeline->Illuminate\\Pipeline\\{closure}(Object(Illuminate\\Http\\Request))
#25 /home/malcian/malcians.online/www/vendor/laravel/framework/src/Illuminate/Foundation/Http/Middleware/TrimStrings.php(40): Illuminate\\Foundation\\Http\\Middleware\\TransformsRequest->handle(Object(Illuminate\\Http\\Request), Object(Closure))
#26 /home/malcian/malcians.online/www/vendor/laravel/framework/src/Illuminate/Pipeline/Pipeline.php(167): Illuminate\\Foundation\\Http\\Middleware\\TrimStrings->handle(Object(Illuminate\\Http\\Request), Object(Closure))
#27 /home/malcian/malcians.online/www/vendor/laravel/framework/src/Illuminate/Foundation/Http/Middleware/ValidatePostSize.php(27): Illuminate\\Pipeline\\Pipeline->Illuminate\\Pipeline\\{closure}(Object(Illuminate\\Http\\Request))
#28 /home/malcian/malcians.online/www/vendor/laravel/framework/src/Illuminate/Pipeline/Pipeline.php(167): Illuminate\\Foundation\\Http\\Middleware\\ValidatePostSize->handle(Object(Illuminate\\Http\\Request), Object(Closure))
#29 /home/malcian/malcians.online/www/vendor/laravel/framework/src/Illuminate/Foundation/Http/Middleware/PreventRequestsDuringMaintenance.php(86): Illuminate\\Pipeline\\Pipeline->Illuminate\\Pipeline\\{closure}(Object(Illuminate\\Http\\Request))
#30 /home/malcian/malcians.online/www/vendor/laravel/framework/src/Illuminate/Pipeline/Pipeline.php(167): Illuminate\\Foundation\\Http\\Middleware\\PreventRequestsDuringMaintenance->handle(Object(Illuminate\\Http\\Request), Object(Closure))
#31 /home/malcian/malcians.online/www/vendor/laravel/framework/src/Illuminate/Pipeline/Pipeline.php(103): Illuminate\\Pipeline\\Pipeline->Illuminate\\Pipeline\\{closure}(Object(Illuminate\\Http\\Request))
#32 /home/malcian/malcians.online/www/vendor/laravel/framework/src/Illuminate/Foundation/Http/Kernel.php(142): Illuminate\\Pipeline\\Pipeline->then(Object(Closure))
#33 /home/malcian/malcians.online/www/vendor/laravel/framework/src/Illuminate/Foundation/Http/Kernel.php(111): Illuminate\\Foundation\\Http\\Kernel->sendRequestThroughRouter(Object(Illuminate\\Http\\Request))
#34 /home/malcian/malcians.online/www/public/index.php(54): Illuminate\\Foundation\\Http\\Kernel->handle(Object(Illuminate\\Http\\Request))
#35 {main}
"} 
[2026-06-30 21:29:49] production.ERROR: Target class [App\Http\Controllers\DailyController] does not exist. {"exception":"[object] (Illuminate\\Contracts\\Container\\BindingResolutionException(code: 0): Target class [App\\Http\\Controllers\\DailyController] does not exist. at /home/malcian/malcians.online/www/vendor/laravel/framework/src/Illuminate/Container/Container.php:879)
[stacktrace]
#0 /home/malcian/malcians.online/www/vendor/laravel/framework/src/Illuminate/Container/Container.php(758): Illuminate\\Container\\Container->build('App\\\\Http\\\\Contro...')
#1 /home/malcian/malcians.online/www/vendor/laravel/framework/src/Illuminate/Foundation/Application.php(853): Illuminate\\Container\\Container->resolve('App\\\\Http\\\\Contro...', Array, true)
#2 /home/malcian/malcians.online/www/vendor/laravel/framework/src/Illuminate/Container/Container.php(694): Illuminate\\Foundation\\Application->resolve('App\\\\Http\\\\Contro...', Array)
#3 /home/malcian/malcians.online/www/vendor/laravel/framework/src/Illuminate/Foundation/Application.php(838): Illuminate\\Container\\Container->make('App\\\\Http\\\\Contro...', Array)
#4 /home/malcian/malcians.online/www/vendor/laravel/framework/src/Illuminate/Routing/Route.php(276): Illuminate\\Foundation\\Application->make('App\\\\Http\\\\Contro...')
#5 /home/malcian/malcians.online/www/vendor/laravel/framework/src/Illuminate/Routing/Route.php(1080): Illuminate\\Routing\\Route->getController()
#6 /home/malcian/malcians.online/www/vendor/laravel/framework/src/Illuminate/Routing/Route.php(1023): Illuminate\\Routing\\Route->controllerMiddleware()
#7 /home/malcian/malcians.online/www/vendor/laravel/framework/src/Illuminate/Routing/Router.php(734): Illuminate\\Routing\\Route->gatherMiddleware()
#8 /home/malcian/malcians.online/www/vendor/laravel/framework/src/Illuminate/Routing/Router.php(714): Illuminate\\Routing\\Router->gatherRouteMiddleware(Object(Illuminate\\Routing\\Route))
#9 /home/malcian/malcians.online/www/vendor/laravel/framework/src/Illuminate/Routing/Router.php(698): Illuminate\\Routing\\Router->runRouteWithinStack(Object(Illuminate\\Routing\\Route), Object(Illuminate\\Http\\Request))
#10 /home/malcian/malcians.online/www/vendor/laravel/framework/src/Illuminate/Routing/Router.php(662): Illuminate\\Routing\\Router->runRoute(Object(Illuminate\\Http\\Request), Object(Illuminate\\Routing\\Route))
#11 /home/malcian/malcians.online/www/vendor/laravel/framework/src/Illuminate/Routing/Router.php(651): Illuminate\\Routing\\Router->dispatchToRoute(Object(Illuminate\\Http\\Request))
#12 /home/malcian/malcians.online/www/vendor/laravel/framework/src/Illuminate/Foundation/Http/Kernel.php(167): Illuminate\\Routing\\Router->dispatch(Object(Illuminate\\Http\\Request))
#13 /home/malcian/malcians.online/www/vendor/laravel/framework/src/Illuminate/Pipeline/Pipeline.php(128): Illuminate\\Foundation\\Http\\Kernel->Illuminate\\Foundation\\Http\\{closure}(Object(Illuminate\\Http\\Request))
#14 /home/malcian/malcians.online/www/app/Http/Middleware/SanitizeEmails.php(29): Illuminate\\Pipeline\\Pipeline->Illuminate\\Pipeline\\{closure}(Object(Illuminate\\Http\\Request))
#15 /home/malcian/malcians.online/www/vendor/laravel/framework/src/Illuminate/Pipeline/Pipeline.php(167): App\\Http\\Middleware\\SanitizeEmails->handle(Object(Illuminate\\Http\\Request), Object(Closure))
#16 /home/malcian/malcians.online/www/app/Http/Middleware/ParsePostRequestFields.php(42): Illuminate\\Pipeline\\Pipeline->Illuminate\\Pipeline\\{closure}(Object(Illuminate\\Http\\Request))
#17 /home/malcian/malcians.online/www/vendor/laravel/framework/src/Illuminate/Pipeline/Pipeline.php(167): App\\Http\\Middleware\\ParsePostRequestFields->handle(Object(Illuminate\\Http\\Request), Object(Closure))
#18 /home/malcian/malcians.online/www/vendor/fideloper/proxy/src/TrustProxies.php(57): Illuminate\\Pipeline\\Pipeline->Illuminate\\Pipeline\\{closure}(Object(Illuminate\\Http\\Request))
#19 /home/malcian/malcians.online/www/vendor/laravel/framework/src/Illuminate/Pipeline/Pipeline.php(167): Fideloper\\Proxy\\TrustProxies->handle(Object(Illuminate\\Http\\Request), Object(Closure))
#20 /home/malcian/malcians.online/www/vendor/laravel/framework/src/Illuminate/Foundation/Http/Middleware/TransformsRequest.php(21): Illuminate\\Pipeline\\Pipeline->Illuminate\\Pipeline\\{closure}(Object(Illuminate\\Http\\Request))
#21 /home/malcian/malcians.online/www/vendor/laravel/framework/src/Illuminate/Foundation/Http/Middleware/ConvertEmptyStringsToNull.php(31): Illuminate\\Foundation\\Http\\Middleware\\TransformsRequest->handle(Object(Illuminate\\Http\\Request), Object(Closure))
#22 /home/malcian/malcians.online/www/vendor/laravel/framework/src/Illuminate/Pipeline/Pipeline.php(167): Illuminate\\Foundation\\Http\\Middleware\\ConvertEmptyStringsToNull->handle(Object(Illuminate\\Http\\Request), Object(Closure))
#23 /home/malcian/malcians.online/www/vendor/laravel/framework/src/Illuminate/Foundation/Http/Middleware/TransformsRequest.php(21): Illuminate\\Pipeline\\Pipeline->Illuminate\\Pipeline\\{closure}(Object(Illuminate\\Http\\Request))
#24 /home/malcian/malcians.online/www/vendor/laravel/framework/src/Illuminate/Foundation/Http/Middleware/TrimStrings.php(40): Illuminate\\Foundation\\Http\\Middleware\\TransformsRequest->handle(Object(Illuminate\\Http\\Request), Object(Closure))
#25 /home/malcian/malcians.online/www/vendor/laravel/framework/src/Illuminate/Pipeline/Pipeline.php(167): Illuminate\\Foundation\\Http\\Middleware\\TrimStrings->handle(Object(Illuminate\\Http\\Request), Object(Closure))
#26 /home/malcian/malcians.online/www/vendor/laravel/framework/src/Illuminate/Foundation/Http/Middleware/ValidatePostSize.php(27): Illuminate\\Pipeline\\Pipeline->Illuminate\\Pipeline\\{closure}(Object(Illuminate\\Http\\Request))
#27 /home/malcian/malcians.online/www/vendor/laravel/framework/src/Illuminate/Pipeline/Pipeline.php(167): Illuminate\\Foundation\\Http\\Middleware\\ValidatePostSize->handle(Object(Illuminate\\Http\\Request), Object(Closure))
#28 /home/malcian/malcians.online/www/vendor/laravel/framework/src/Illuminate/Foundation/Http/Middleware/PreventRequestsDuringMaintenance.php(86): Illuminate\\Pipeline\\Pipeline->Illuminate\\Pipeline\\{closure}(Object(Illuminate\\Http\\Request))
#29 /home/malcian/malcians.online/www/vendor/laravel/framework/src/Illuminate/Pipeline/Pipeline.php(167): Illuminate\\Foundation\\Http\\Middleware\\PreventRequestsDuringMaintenance->handle(Object(Illuminate\\Http\\Request), Object(Closure))
#30 /home/malcian/malcians.online/www/vendor/laravel/framework/src/Illuminate/Pipeline/Pipeline.php(103): Illuminate\\Pipeline\\Pipeline->Illuminate\\Pipeline\\{closure}(Object(Illuminate\\Http\\Request))
#31 /home/malcian/malcians.online/www/vendor/laravel/framework/src/Illuminate/Foundation/Http/Kernel.php(142): Illuminate\\Pipeline\\Pipeline->then(Object(Closure))
#32 /home/malcian/malcians.online/www/vendor/laravel/framework/src/Illuminate/Foundation/Http/Kernel.php(111): Illuminate\\Foundation\\Http\\Kernel->sendRequestThroughRouter(Object(Illuminate\\Http\\Request))
#33 /home/malcian/malcians.online/www/public/index.php(54): Illuminate\\Foundation\\Http\\Kernel->handle(Object(Illuminate\\Http\\Request))
#34 {main}

[previous exception] [object] (ReflectionException(code: -1): Class \"App\\Http\\Controllers\\DailyController\" does not exist at /home/malcian/malcians.online/www/vendor/laravel/framework/src/Illuminate/Container/Container.php:877)
[stacktrace]
#0 /home/malcian/malcians.online/www/vendor/laravel/framework/src/Illuminate/Container/Container.php(877): ReflectionClass->__construct('App\\\\Http\\\\Contro...')
#1 /home/malcian/malcians.online/www/vendor/laravel/framework/src/Illuminate/Container/Container.php(758): Illuminate\\Container\\Container->build('App\\\\Http\\\\Contro...')
#2 /home/malcian/malcians.online/www/vendor/laravel/framework/src/Illuminate/Foundation/Application.php(853): Illuminate\\Container\\Container->resolve('App\\\\Http\\\\Contro...', Array, true)
#3 /home/malcian/malcians.online/www/vendor/laravel/framework/src/Illuminate/Container/Container.php(694): Illuminate\\Foundation\\Application->resolve('App\\\\Http\\\\Contro...', Array)
#4 /home/malcian/malcians.online/www/vendor/laravel/framework/src/Illuminate/Foundation/Application.php(838): Illuminate\\Container\\Container->make('App\\\\Http\\\\Contro...', Array)
#5 /home/malcian/malcians.online/www/vendor/laravel/framework/src/Illuminate/Routing/Route.php(276): Illuminate\\Foundation\\Application->make('App\\\\Http\\\\Contro...')
#6 /home/malcian/malcians.online/www/vendor/laravel/framework/src/Illuminate/Routing/Route.php(1080): Illuminate\\Routing\\Route->getController()
#7 /home/malcian/malcians.online/www/vendor/laravel/framework/src/Illuminate/Routing/Route.php(1023): Illuminate\\Routing\\Route->controllerMiddleware()
#8 /home/malcian/malcians.online/www/vendor/laravel/framework/src/Illuminate/Routing/Router.php(734): Illuminate\\Routing\\Route->gatherMiddleware()
#9 /home/malcian/malcians.online/www/vendor/laravel/framework/src/Illuminate/Routing/Router.php(714): Illuminate\\Routing\\Router->gatherRouteMiddleware(Object(Illuminate\\Routing\\Route))
#10 /home/malcian/malcians.online/www/vendor/laravel/framework/src/Illuminate/Routing/Router.php(698): Illuminate\\Routing\\Router->runRouteWithinStack(Object(Illuminate\\Routing\\Route), Object(Illuminate\\Http\\Request))
#11 /home/malcian/malcians.online/www/vendor/laravel/framework/src/Illuminate/Routing/Router.php(662): Illuminate\\Routing\\Router->runRoute(Object(Illuminate\\Http\\Request), Object(Illuminate\\Routing\\Route))
#12 /home/malcian/malcians.online/www/vendor/laravel/framework/src/Illuminate/Routing/Router.php(651): Illuminate\\Routing\\Router->dispatchToRoute(Object(Illuminate\\Http\\Request))
#13 /home/malcian/malcians.online/www/vendor/laravel/framework/src/Illuminate/Foundation/Http/Kernel.php(167): Illuminate\\Routing\\Router->dispatch(Object(Illuminate\\Http\\Request))
#14 /home/malcian/malcians.online/www/vendor/laravel/framework/src/Illuminate/Pipeline/Pipeline.php(128): Illuminate\\Foundation\\Http\\Kernel->Illuminate\\Foundation\\Http\\{closure}(Object(Illuminate\\Http\\Request))
#15 /home/malcian/malcians.online/www/app/Http/Middleware/SanitizeEmails.php(29): Illuminate\\Pipeline\\Pipeline->Illuminate\\Pipeline\\{closure}(Object(Illuminate\\Http\\Request))
#16 /home/malcian/malcians.online/www/vendor/laravel/framework/src/Illuminate/Pipeline/Pipeline.php(167): App\\Http\\Middleware\\SanitizeEmails->handle(Object(Illuminate\\Http\\Request), Object(Closure))
#17 /home/malcian/malcians.online/www/app/Http/Middleware/ParsePostRequestFields.php(42): Illuminate\\Pipeline\\Pipeline->Illuminate\\Pipeline\\{closure}(Object(Illuminate\\Http\\Request))
#18 /home/malcian/malcians.online/www/vendor/laravel/framework/src/Illuminate/Pipeline/Pipeline.php(167): App\\Http\\Middleware\\ParsePostRequestFields->handle(Object(Illuminate\\Http\\Request), Object(Closure))
#19 /home/malcian/malcians.online/www/vendor/fideloper/proxy/src/TrustProxies.php(57): Illuminate\\Pipeline\\Pipeline->Illuminate\\Pipeline\\{closure}(Object(Illuminate\\Http\\Request))
#20 /home/malcian/malcians.online/www/vendor/laravel/framework/src/Illuminate/Pipeline/Pipeline.php(167): Fideloper\\Proxy\\TrustProxies->handle(Object(Illuminate\\Http\\Request), Object(Closure))
#21 /home/malcian/malcians.online/www/vendor/laravel/framework/src/Illuminate/Foundation/Http/Middleware/TransformsRequest.php(21): Illuminate\\Pipeline\\Pipeline->Illuminate\\Pipeline\\{closure}(Object(Illuminate\\Http\\Request))
#22 /home/malcian/malcians.online/www/vendor/laravel/framework/src/Illuminate/Foundation/Http/Middleware/ConvertEmptyStringsToNull.php(31): Illuminate\\Foundation\\Http\\Middleware\\TransformsRequest->handle(Object(Illuminate\\Http\\Request), Object(Closure))
#23 /home/malcian/malcians.online/www/vendor/laravel/framework/src/Illuminate/Pipeline/Pipeline.php(167): Illuminate\\Foundation\\Http\\Middleware\\ConvertEmptyStringsToNull->handle(Object(Illuminate\\Http\\Request), Object(Closure))
#24 /home/malcian/malcians.online/www/vendor/laravel/framework/src/Illuminate/Foundation/Http/Middleware/TransformsRequest.php(21): Illuminate\\Pipeline\\Pipeline->Illuminate\\Pipeline\\{closure}(Object(Illuminate\\Http\\Request))
#25 /home/malcian/malcians.online/www/vendor/laravel/framework/src/Illuminate/Foundation/Http/Middleware/TrimStrings.php(40): Illuminate\\Foundation\\Http\\Middleware\\TransformsRequest->handle(Object(Illuminate\\Http\\Request), Object(Closure))
#26 /home/malcian/malcians.online/www/vendor/laravel/framework/src/Illuminate/Pipeline/Pipeline.php(167): Illuminate\\Foundation\\Http\\Middleware\\TrimStrings->handle(Object(Illuminate\\Http\\Request), Object(Closure))
#27 /home/malcian/malcians.online/www/vendor/laravel/framework/src/Illuminate/Foundation/Http/Middleware/ValidatePostSize.php(27): Illuminate\\Pipeline\\Pipeline->Illuminate\\Pipeline\\{closure}(Object(Illuminate\\Http\\Request))
#28 /home/malcian/malcians.online/www/vendor/laravel/framework/src/Illuminate/Pipeline/Pipeline.php(167): Illuminate\\Foundation\\Http\\Middleware\\ValidatePostSize->handle(Object(Illuminate\\Http\\Request), Object(Closure))
#29 /home/malcian/malcians.online/www/vendor/laravel/framework/src/Illuminate/Foundation/Http/Middleware/PreventRequestsDuringMaintenance.php(86): Illuminate\\Pipeline\\Pipeline->Illuminate\\Pipeline\\{closure}(Object(Illuminate\\Http\\Request))
#30 /home/malcian/malcians.online/www/vendor/laravel/framework/src/Illuminate/Pipeline/Pipeline.php(167): Illuminate\\Foundation\\Http\\Middleware\\PreventRequestsDuringMaintenance->handle(Object(Illuminate\\Http\\Request), Object(Closure))
#31 /home/malcian/malcians.online/www/vendor/laravel/framework/src/Illuminate/Pipeline/Pipeline.php(103): Illuminate\\Pipeline\\Pipeline->Illuminate\\Pipeline\\{closure}(Object(Illuminate\\Http\\Request))
#32 /home/malcian/malcians.online/www/vendor/laravel/framework/src/Illuminate/Foundation/Http/Kernel.php(142): Illuminate\\Pipeline\\Pipeline->then(Object(Closure))
#33 /home/malcian/malcians.online/www/vendor/laravel/framework/src/Illuminate/Foundation/Http/Kernel.php(111): Illuminate\\Foundation\\Http\\Kernel->sendRequestThroughRouter(Object(Illuminate\\Http\\Request))
#34 /home/malcian/malcians.online/www/public/index.php(54): Illuminate\\Foundation\\Http\\Kernel->handle(Object(Illuminate\\Http\\Request))
#35 {main}
"} 
[2026-06-30 21:30:18] production.ERROR: There are no commands defined in the "generate" namespace. {"exception":"[object] (Symfony\\Component\\Console\\Exception\\NamespaceNotFoundException(code: 0): There are no commands defined in the \"generate\" namespace. at /home/malcian/malcians.online/www/vendor/symfony/console/Application.php:650)
[stacktrace]
#0 /home/malcian/malcians.online/www/vendor/symfony/console/Application.php(701): Symfony\\Component\\Console\\Application->findNamespace('generate')
#1 /home/malcian/malcians.online/www/vendor/symfony/console/Application.php(259): Symfony\\Component\\Console\\Application->find('generate:key')
#2 /home/malcian/malcians.online/www/vendor/symfony/console/Application.php(171): Symfony\\Component\\Console\\Application->doRun(Object(Symfony\\Component\\Console\\Input\\ArgvInput), Object(Symfony\\Component\\Console\\Output\\ConsoleOutput))
#3 /home/malcian/malcians.online/www/vendor/laravel/framework/src/Illuminate/Console/Application.php(94): Symfony\\Component\\Console\\Application->run(Object(Symfony\\Component\\Console\\Input\\ArgvInput), Object(Symfony\\Component\\Console\\Output\\ConsoleOutput))
#4 /home/malcian/malcians.online/www/vendor/laravel/framework/src/Illuminate/Foundation/Console/Kernel.php(129): Illuminate\\Console\\Application->run(Object(Symfony\\Component\\Console\\Input\\ArgvInput), Object(Symfony\\Component\\Console\\Output\\ConsoleOutput))
#5 /home/malcian/malcians.online/www/artisan(35): Illuminate\\Foundation\\Console\\Kernel->handle(Object(Symfony\\Component\\Console\\Input\\ArgvInput), Object(Symfony\\Component\\Console\\Output\\ConsoleOutput))
#6 {main}
"} 
[2026-06-30 21:30:30] production.ERROR: Target class [App\Http\Controllers\DailyController] does not exist. {"exception":"[object] (Illuminate\\Contracts\\Container\\BindingResolutionException(code: 0): Target class [App\\Http\\Controllers\\DailyController] does not exist. at /home/malcian/malcians.online/www/vendor/laravel/framework/src/Illuminate/Container/Container.php:879)
[stacktrace]
#0 /home/malcian/malcians.online/www/vendor/laravel/framework/src/Illuminate/Container/Container.php(758): Illuminate\\Container\\Container->build('App\\\\Http\\\\Contro...')
#1 /home/malcian/malcians.online/www/vendor/laravel/framework/src/Illuminate/Foundation/Application.php(853): Illuminate\\Container\\Container->resolve('App\\\\Http\\\\Contro...', Array, true)
#2 /home/malcian/malcians.online/www/vendor/laravel/framework/src/Illuminate/Container/Container.php(694): Illuminate\\Foundation\\Application->resolve('App\\\\Http\\\\Contro...', Array)
#3 /home/malcian/malcians.online/www/vendor/laravel/framework/src/Illuminate/Foundation/Application.php(838): Illuminate\\Container\\Container->make('App\\\\Http\\\\Contro...', Array)
#4 /home/malcian/malcians.online/www/vendor/laravel/framework/src/Illuminate/Routing/Route.php(276): Illuminate\\Foundation\\Application->make('App\\\\Http\\\\Contro...')
#5 /home/malcian/malcians.online/www/vendor/laravel/framework/src/Illuminate/Routing/Route.php(1080): Illuminate\\Routing\\Route->getController()
#6 /home/malcian/malcians.online/www/vendor/laravel/framework/src/Illuminate/Routing/Route.php(1023): Illuminate\\Routing\\Route->controllerMiddleware()
#7 /home/malcian/malcians.online/www/vendor/laravel/framework/src/Illuminate/Routing/Router.php(734): Illuminate\\Routing\\Route->gatherMiddleware()
#8 /home/malcian/malcians.online/www/vendor/laravel/framework/src/Illuminate/Routing/Router.php(714): Illuminate\\Routing\\Router->gatherRouteMiddleware(Object(Illuminate\\Routing\\Route))
#9 /home/malcian/malcians.online/www/vendor/laravel/framework/src/Illuminate/Routing/Router.php(698): Illuminate\\Routing\\Router->runRouteWithinStack(Object(Illuminate\\Routing\\Route), Object(Illuminate\\Http\\Request))
#10 /home/malcian/malcians.online/www/vendor/laravel/framework/src/Illuminate/Routing/Router.php(662): Illuminate\\Routing\\Router->runRoute(Object(Illuminate\\Http\\Request), Object(Illuminate\\Routing\\Route))
#11 /home/malcian/malcians.online/www/vendor/laravel/framework/src/Illuminate/Routing/Router.php(651): Illuminate\\Routing\\Router->dispatchToRoute(Object(Illuminate\\Http\\Request))
#12 /home/malcian/malcians.online/www/vendor/laravel/framework/src/Illuminate/Foundation/Http/Kernel.php(167): Illuminate\\Routing\\Router->dispatch(Object(Illuminate\\Http\\Request))
#13 /home/malcian/malcians.online/www/vendor/laravel/framework/src/Illuminate/Pipeline/Pipeline.php(128): Illuminate\\Foundation\\Http\\Kernel->Illuminate\\Foundation\\Http\\{closure}(Object(Illuminate\\Http\\Request))
#14 /home/malcian/malcians.online/www/app/Http/Middleware/SanitizeEmails.php(29): Illuminate\\Pipeline\\Pipeline->Illuminate\\Pipeline\\{closure}(Object(Illuminate\\Http\\Request))
#15 /home/malcian/malcians.online/www/vendor/laravel/framework/src/Illuminate/Pipeline/Pipeline.php(167): App\\Http\\Middleware\\SanitizeEmails->handle(Object(Illuminate\\Http\\Request), Object(Closure))
#16 /home/malcian/malcians.online/www/app/Http/Middleware/ParsePostRequestFields.php(42): Illuminate\\Pipeline\\Pipeline->Illuminate\\Pipeline\\{closure}(Object(Illuminate\\Http\\Request))
#17 /home/malcian/malcians.online/www/vendor/laravel/framework/src/Illuminate/Pipeline/Pipeline.php(167): App\\Http\\Middleware\\ParsePostRequestFields->handle(Object(Illuminate\\Http\\Request), Object(Closure))
#18 /home/malcian/malcians.online/www/vendor/fideloper/proxy/src/TrustProxies.php(57): Illuminate\\Pipeline\\Pipeline->Illuminate\\Pipeline\\{closure}(Object(Illuminate\\Http\\Request))
#19 /home/malcian/malcians.online/www/vendor/laravel/framework/src/Illuminate/Pipeline/Pipeline.php(167): Fideloper\\Proxy\\TrustProxies->handle(Object(Illuminate\\Http\\Request), Object(Closure))
#20 /home/malcian/malcians.online/www/vendor/laravel/framework/src/Illuminate/Foundation/Http/Middleware/TransformsRequest.php(21): Illuminate\\Pipeline\\Pipeline->Illuminate\\Pipeline\\{closure}(Object(Illuminate\\Http\\Request))
#21 /home/malcian/malcians.online/www/vendor/laravel/framework/src/Illuminate/Foundation/Http/Middleware/ConvertEmptyStringsToNull.php(31): Illuminate\\Foundation\\Http\\Middleware\\TransformsRequest->handle(Object(Illuminate\\Http\\Request), Object(Closure))
#22 /home/malcian/malcians.online/www/vendor/laravel/framework/src/Illuminate/Pipeline/Pipeline.php(167): Illuminate\\Foundation\\Http\\Middleware\\ConvertEmptyStringsToNull->handle(Object(Illuminate\\Http\\Request), Object(Closure))
#23 /home/malcian/malcians.online/www/vendor/laravel/framework/src/Illuminate/Foundation/Http/Middleware/TransformsRequest.php(21): Illuminate\\Pipeline\\Pipeline->Illuminate\\Pipeline\\{closure}(Object(Illuminate\\Http\\Request))
#24 /home/malcian/malcians.online/www/vendor/laravel/framework/src/Illuminate/Foundation/Http/Middleware/TrimStrings.php(40): Illuminate\\Foundation\\Http\\Middleware\\TransformsRequest->handle(Object(Illuminate\\Http\\Request), Object(Closure))
#25 /home/malcian/malcians.online/www/vendor/laravel/framework/src/Illuminate/Pipeline/Pipeline.php(167): Illuminate\\Foundation\\Http\\Middleware\\TrimStrings->handle(Object(Illuminate\\Http\\Request), Object(Closure))
#26 /home/malcian/malcians.online/www/vendor/laravel/framework/src/Illuminate/Foundation/Http/Middleware/ValidatePostSize.php(27): Illuminate\\Pipeline\\Pipeline->Illuminate\\Pipeline\\{closure}(Object(Illuminate\\Http\\Request))
#27 /home/malcian/malcians.online/www/vendor/laravel/framework/src/Illuminate/Pipeline/Pipeline.php(167): Illuminate\\Foundation\\Http\\Middleware\\ValidatePostSize->handle(Object(Illuminate\\Http\\Request), Object(Closure))
#28 /home/malcian/malcians.online/www/vendor/laravel/framework/src/Illuminate/Foundation/Http/Middleware/PreventRequestsDuringMaintenance.php(86): Illuminate\\Pipeline\\Pipeline->Illuminate\\Pipeline\\{closure}(Object(Illuminate\\Http\\Request))
#29 /home/malcian/malcians.online/www/vendor/laravel/framework/src/Illuminate/Pipeline/Pipeline.php(167): Illuminate\\Foundation\\Http\\Middleware\\PreventRequestsDuringMaintenance->handle(Object(Illuminate\\Http\\Request), Object(Closure))
#30 /home/malcian/malcians.online/www/vendor/laravel/framework/src/Illuminate/Pipeline/Pipeline.php(103): Illuminate\\Pipeline\\Pipeline->Illuminate\\Pipeline\\{closure}(Object(Illuminate\\Http\\Request))
#31 /home/malcian/malcians.online/www/vendor/laravel/framework/src/Illuminate/Foundation/Http/Kernel.php(142): Illuminate\\Pipeline\\Pipeline->then(Object(Closure))
#32 /home/malcian/malcians.online/www/vendor/laravel/framework/src/Illuminate/Foundation/Http/Kernel.php(111): Illuminate\\Foundation\\Http\\Kernel->sendRequestThroughRouter(Object(Illuminate\\Http\\Request))
#33 /home/malcian/malcians.online/www/public/index.php(54): Illuminate\\Foundation\\Http\\Kernel->handle(Object(Illuminate\\Http\\Request))
#34 {main}

[previous exception] [object] (ReflectionException(code: -1): Class \"App\\Http\\Controllers\\DailyController\" does not exist at /home/malcian/malcians.online/www/vendor/laravel/framework/src/Illuminate/Container/Container.php:877)
[stacktrace]
#0 /home/malcian/malcians.online/www/vendor/laravel/framework/src/Illuminate/Container/Container.php(877): ReflectionClass->__construct('App\\\\Http\\\\Contro...')
#1 /home/malcian/malcians.online/www/vendor/laravel/framework/src/Illuminate/Container/Container.php(758): Illuminate\\Container\\Container->build('App\\\\Http\\\\Contro...')
#2 /home/malcian/malcians.online/www/vendor/laravel/framework/src/Illuminate/Foundation/Application.php(853): Illuminate\\Container\\Container->resolve('App\\\\Http\\\\Contro...', Array, true)
#3 /home/malcian/malcians.online/www/vendor/laravel/framework/src/Illuminate/Container/Container.php(694): Illuminate\\Foundation\\Application->resolve('App\\\\Http\\\\Contro...', Array)
#4 /home/malcian/malcians.online/www/vendor/laravel/framework/src/Illuminate/Foundation/Application.php(838): Illuminate\\Container\\Container->make('App\\\\Http\\\\Contro...', Array)
#5 /home/malcian/malcians.online/www/vendor/laravel/framework/src/Illuminate/Routing/Route.php(276): Illuminate\\Foundation\\Application->make('App\\\\Http\\\\Contro...')
#6 /home/malcian/malcians.online/www/vendor/laravel/framework/src/Illuminate/Routing/Route.php(1080): Illuminate\\Routing\\Route->getController()
#7 /home/malcian/malcians.online/www/vendor/laravel/framework/src/Illuminate/Routing/Route.php(1023): Illuminate\\Routing\\Route->controllerMiddleware()
#8 /home/malcian/malcians.online/www/vendor/laravel/framework/src/Illuminate/Routing/Router.php(734): Illuminate\\Routing\\Route->gatherMiddleware()
#9 /home/malcian/malcians.online/www/vendor/laravel/framework/src/Illuminate/Routing/Router.php(714): Illuminate\\Routing\\Router->gatherRouteMiddleware(Object(Illuminate\\Routing\\Route))
#10 /home/malcian/malcians.online/www/vendor/laravel/framework/src/Illuminate/Routing/Router.php(698): Illuminate\\Routing\\Router->runRouteWithinStack(Object(Illuminate\\Routing\\Route), Object(Illuminate\\Http\\Request))
#11 /home/malcian/malcians.online/www/vendor/laravel/framework/src/Illuminate/Routing/Router.php(662): Illuminate\\Routing\\Router->runRoute(Object(Illuminate\\Http\\Request), Object(Illuminate\\Routing\\Route))
#12 /home/malcian/malcians.online/www/vendor/laravel/framework/src/Illuminate/Routing/Router.php(651): Illuminate\\Routing\\Router->dispatchToRoute(Object(Illuminate\\Http\\Request))
#13 /home/malcian/malcians.online/www/vendor/laravel/framework/src/Illuminate/Foundation/Http/Kernel.php(167): Illuminate\\Routing\\Router->dispatch(Object(Illuminate\\Http\\Request))
#14 /home/malcian/malcians.online/www/vendor/laravel/framework/src/Illuminate/Pipeline/Pipeline.php(128): Illuminate\\Foundation\\Http\\Kernel->Illuminate\\Foundation\\Http\\{closure}(Object(Illuminate\\Http\\Request))
#15 /home/malcian/malcians.online/www/app/Http/Middleware/SanitizeEmails.php(29): Illuminate\\Pipeline\\Pipeline->Illuminate\\Pipeline\\{closure}(Object(Illuminate\\Http\\Request))
#16 /home/malcian/malcians.online/www/vendor/laravel/framework/src/Illuminate/Pipeline/Pipeline.php(167): App\\Http\\Middleware\\SanitizeEmails->handle(Object(Illuminate\\Http\\Request), Object(Closure))
#17 /home/malcian/malcians.online/www/app/Http/Middleware/ParsePostRequestFields.php(42): Illuminate\\Pipeline\\Pipeline->Illuminate\\Pipeline\\{closure}(Object(Illuminate\\Http\\Request))
#18 /home/malcian/malcians.online/www/vendor/laravel/framework/src/Illuminate/Pipeline/Pipeline.php(167): App\\Http\\Middleware\\ParsePostRequestFields->handle(Object(Illuminate\\Http\\Request), Object(Closure))
#19 /home/malcian/malcians.online/www/vendor/fideloper/proxy/src/TrustProxies.php(57): Illuminate\\Pipeline\\Pipeline->Illuminate\\Pipeline\\{closure}(Object(Illuminate\\Http\\Request))
#20 /home/malcian/malcians.online/www/vendor/laravel/framework/src/Illuminate/Pipeline/Pipeline.php(167): Fideloper\\Proxy\\TrustProxies->handle(Object(Illuminate\\Http\\Request), Object(Closure))
#21 /home/malcian/malcians.online/www/vendor/laravel/framework/src/Illuminate/Foundation/Http/Middleware/TransformsRequest.php(21): Illuminate\\Pipeline\\Pipeline->Illuminate\\Pipeline\\{closure}(Object(Illuminate\\Http\\Request))
#22 /home/malcian/malcians.online/www/vendor/laravel/framework/src/Illuminate/Foundation/Http/Middleware/ConvertEmptyStringsToNull.php(31): Illuminate\\Foundation\\Http\\Middleware\\TransformsRequest->handle(Object(Illuminate\\Http\\Request), Object(Closure))
#23 /home/malcian/malcians.online/www/vendor/laravel/framework/src/Illuminate/Pipeline/Pipeline.php(167): Illuminate\\Foundation\\Http\\Middleware\\ConvertEmptyStringsToNull->handle(Object(Illuminate\\Http\\Request), Object(Closure))
#24 /home/malcian/malcians.online/www/vendor/laravel/framework/src/Illuminate/Foundation/Http/Middleware/TransformsRequest.php(21): Illuminate\\Pipeline\\Pipeline->Illuminate\\Pipeline\\{closure}(Object(Illuminate\\Http\\Request))
#25 /home/malcian/malcians.online/www/vendor/laravel/framework/src/Illuminate/Foundation/Http/Middleware/TrimStrings.php(40): Illuminate\\Foundation\\Http\\Middleware\\TransformsRequest->handle(Object(Illuminate\\Http\\Request), Object(Closure))
#26 /home/malcian/malcians.online/www/vendor/laravel/framework/src/Illuminate/Pipeline/Pipeline.php(167): Illuminate\\Foundation\\Http\\Middleware\\TrimStrings->handle(Object(Illuminate\\Http\\Request), Object(Closure))
#27 /home/malcian/malcians.online/www/vendor/laravel/framework/src/Illuminate/Foundation/Http/Middleware/ValidatePostSize.php(27): Illuminate\\Pipeline\\Pipeline->Illuminate\\Pipeline\\{closure}(Object(Illuminate\\Http\\Request))
#28 /home/malcian/malcians.online/www/vendor/laravel/framework/src/Illuminate/Pipeline/Pipeline.php(167): Illuminate\\Foundation\\Http\\Middleware\\ValidatePostSize->handle(Object(Illuminate\\Http\\Request), Object(Closure))
#29 /home/malcian/malcians.online/www/vendor/laravel/framework/src/Illuminate/Foundation/Http/Middleware/PreventRequestsDuringMaintenance.php(86): Illuminate\\Pipeline\\Pipeline->Illuminate\\Pipeline\\{closure}(Object(Illuminate\\Http\\Request))
#30 /home/malcian/malcians.online/www/vendor/laravel/framework/src/Illuminate/Pipeline/Pipeline.php(167): Illuminate\\Foundation\\Http\\Middleware\\PreventRequestsDuringMaintenance->handle(Object(Illuminate\\Http\\Request), Object(Closure))
#31 /home/malcian/malcians.online/www/vendor/laravel/framework/src/Illuminate/Pipeline/Pipeline.php(103): Illuminate\\Pipeline\\Pipeline->Illuminate\\Pipeline\\{closure}(Object(Illuminate\\Http\\Request))
#32 /home/malcian/malcians.online/www/vendor/laravel/framework/src/Illuminate/Foundation/Http/Kernel.php(142): Illuminate\\Pipeline\\Pipeline->then(Object(Closure))
#33 /home/malcian/malcians.online/www/vendor/laravel/framework/src/Illuminate/Foundation/Http/Kernel.php(111): Illuminate\\Foundation\\Http\\Kernel->sendRequestThroughRouter(Object(Illuminate\\Http\\Request))
#34 /home/malcian/malcians.online/www/public/index.php(54): Illuminate\\Foundation\\Http\\Kernel->handle(Object(Illuminate\\Http\\Request))
#35 {main}
"} 
[2026-06-30 21:30:36] production.ERROR: Target class [App\Http\Controllers\DailyController] does not exist. {"exception":"[object] (Illuminate\\Contracts\\Container\\BindingResolutionException(code: 0): Target class [App\\Http\\Controllers\\DailyController] does not exist. at /home/malcian/malcians.online/www/vendor/laravel/framework/src/Illuminate/Container/Container.php:879)
[stacktrace]
#0 /home/malcian/malcians.online/www/vendor/laravel/framework/src/Illuminate/Container/Container.php(758): Illuminate\\Container\\Container->build('App\\\\Http\\\\Contro...')
#1 /home/malcian/malcians.online/www/vendor/laravel/framework/src/Illuminate/Foundation/Application.php(853): Illuminate\\Container\\Container->resolve('App\\\\Http\\\\Contro...', Array, true)
#2 /home/malcian/malcians.online/www/vendor/laravel/framework/src/Illuminate/Container/Container.php(694): Illuminate\\Foundation\\Application->resolve('App\\\\Http\\\\Contro...', Array)
#3 /home/malcian/malcians.online/www/vendor/laravel/framework/src/Illuminate/Foundation/Application.php(838): Illuminate\\Container\\Container->make('App\\\\Http\\\\Contro...', Array)
#4 /home/malcian/malcians.online/www/vendor/laravel/framework/src/Illuminate/Routing/Route.php(276): Illuminate\\Foundation\\Application->make('App\\\\Http\\\\Contro...')
#5 /home/malcian/malcians.online/www/vendor/laravel/framework/src/Illuminate/Routing/Route.php(1080): Illuminate\\Routing\\Route->getController()
#6 /home/malcian/malcians.online/www/vendor/laravel/framework/src/Illuminate/Routing/Route.php(1023): Illuminate\\Routing\\Route->controllerMiddleware()
#7 /home/malcian/malcians.online/www/vendor/laravel/framework/src/Illuminate/Routing/Router.php(734): Illuminate\\Routing\\Route->gatherMiddleware()
#8 /home/malcian/malcians.online/www/vendor/laravel/framework/src/Illuminate/Routing/Router.php(714): Illuminate\\Routing\\Router->gatherRouteMiddleware(Object(Illuminate\\Routing\\Route))
#9 /home/malcian/malcians.online/www/vendor/laravel/framework/src/Illuminate/Routing/Router.php(698): Illuminate\\Routing\\Router->runRouteWithinStack(Object(Illuminate\\Routing\\Route), Object(Illuminate\\Http\\Request))
#10 /home/malcian/malcians.online/www/vendor/laravel/framework/src/Illuminate/Routing/Router.php(662): Illuminate\\Routing\\Router->runRoute(Object(Illuminate\\Http\\Request), Object(Illuminate\\Routing\\Route))
#11 /home/malcian/malcians.online/www/vendor/laravel/framework/src/Illuminate/Routing/Router.php(651): Illuminate\\Routing\\Router->dispatchToRoute(Object(Illuminate\\Http\\Request))
#12 /home/malcian/malcians.online/www/vendor/laravel/framework/src/Illuminate/Foundation/Http/Kernel.php(167): Illuminate\\Routing\\Router->dispatch(Object(Illuminate\\Http\\Request))
#13 /home/malcian/malcians.online/www/vendor/laravel/framework/src/Illuminate/Pipeline/Pipeline.php(128): Illuminate\\Foundation\\Http\\Kernel->Illuminate\\Foundation\\Http\\{closure}(Object(Illuminate\\Http\\Request))
#14 /home/malcian/malcians.online/www/app/Http/Middleware/SanitizeEmails.php(29): Illuminate\\Pipeline\\Pipeline->Illuminate\\Pipeline\\{closure}(Object(Illuminate\\Http\\Request))
#15 /home/malcian/malcians.online/www/vendor/laravel/framework/src/Illuminate/Pipeline/Pipeline.php(167): App\\Http\\Middleware\\SanitizeEmails->handle(Object(Illuminate\\Http\\Request), Object(Closure))
#16 /home/malcian/malcians.online/www/app/Http/Middleware/ParsePostRequestFields.php(42): Illuminate\\Pipeline\\Pipeline->Illuminate\\Pipeline\\{closure}(Object(Illuminate\\Http\\Request))
#17 /home/malcian/malcians.online/www/vendor/laravel/framework/src/Illuminate/Pipeline/Pipeline.php(167): App\\Http\\Middleware\\ParsePostRequestFields->handle(Object(Illuminate\\Http\\Request), Object(Closure))
#18 /home/malcian/malcians.online/www/vendor/fideloper/proxy/src/TrustProxies.php(57): Illuminate\\Pipeline\\Pipeline->Illuminate\\Pipeline\\{closure}(Object(Illuminate\\Http\\Request))
#19 /home/malcian/malcians.online/www/vendor/laravel/framework/src/Illuminate/Pipeline/Pipeline.php(167): Fideloper\\Proxy\\TrustProxies->handle(Object(Illuminate\\Http\\Request), Object(Closure))
#20 /home/malcian/malcians.online/www/vendor/laravel/framework/src/Illuminate/Foundation/Http/Middleware/TransformsRequest.php(21): Illuminate\\Pipeline\\Pipeline->Illuminate\\Pipeline\\{closure}(Object(Illuminate\\Http\\Request))
#21 /home/malcian/malcians.online/www/vendor/laravel/framework/src/Illuminate/Foundation/Http/Middleware/ConvertEmptyStringsToNull.php(31): Illuminate\\Foundation\\Http\\Middleware\\TransformsRequest->handle(Object(Illuminate\\Http\\Request), Object(Closure))
#22 /home/malcian/malcians.online/www/vendor/laravel/framework/src/Illuminate/Pipeline/Pipeline.php(167): Illuminate\\Foundation\\Http\\Middleware\\ConvertEmptyStringsToNull->handle(Object(Illuminate\\Http\\Request), Object(Closure))
#23 /home/malcian/malcians.online/www/vendor/laravel/framework/src/Illuminate/Foundation/Http/Middleware/TransformsRequest.php(21): Illuminate\\Pipeline\\Pipeline->Illuminate\\Pipeline\\{closure}(Object(Illuminate\\Http\\Request))
#24 /home/malcian/malcians.online/www/vendor/laravel/framework/src/Illuminate/Foundation/Http/Middleware/TrimStrings.php(40): Illuminate\\Foundation\\Http\\Middleware\\TransformsRequest->handle(Object(Illuminate\\Http\\Request), Object(Closure))
#25 /home/malcian/malcians.online/www/vendor/laravel/framework/src/Illuminate/Pipeline/Pipeline.php(167): Illuminate\\Foundation\\Http\\Middleware\\TrimStrings->handle(Object(Illuminate\\Http\\Request), Object(Closure))
#26 /home/malcian/malcians.online/www/vendor/laravel/framework/src/Illuminate/Foundation/Http/Middleware/ValidatePostSize.php(27): Illuminate\\Pipeline\\Pipeline->Illuminate\\Pipeline\\{closure}(Object(Illuminate\\Http\\Request))
#27 /home/malcian/malcians.online/www/vendor/laravel/framework/src/Illuminate/Pipeline/Pipeline.php(167): Illuminate\\Foundation\\Http\\Middleware\\ValidatePostSize->handle(Object(Illuminate\\Http\\Request), Object(Closure))
#28 /home/malcian/malcians.online/www/vendor/laravel/framework/src/Illuminate/Foundation/Http/Middleware/PreventRequestsDuringMaintenance.php(86): Illuminate\\Pipeline\\Pipeline->Illuminate\\Pipeline\\{closure}(Object(Illuminate\\Http\\Request))
#29 /home/malcian/malcians.online/www/vendor/laravel/framework/src/Illuminate/Pipeline/Pipeline.php(167): Illuminate\\Foundation\\Http\\Middleware\\PreventRequestsDuringMaintenance->handle(Object(Illuminate\\Http\\Request), Object(Closure))
#30 /home/malcian/malcians.online/www/vendor/laravel/framework/src/Illuminate/Pipeline/Pipeline.php(103): Illuminate\\Pipeline\\Pipeline->Illuminate\\Pipeline\\{closure}(Object(Illuminate\\Http\\Request))
#31 /home/malcian/malcians.online/www/vendor/laravel/framework/src/Illuminate/Foundation/Http/Kernel.php(142): Illuminate\\Pipeline\\Pipeline->then(Object(Closure))
#32 /home/malcian/malcians.online/www/vendor/laravel/framework/src/Illuminate/Foundation/Http/Kernel.php(111): Illuminate\\Foundation\\Http\\Kernel->sendRequestThroughRouter(Object(Illuminate\\Http\\Request))
#33 /home/malcian/malcians.online/www/public/index.php(54): Illuminate\\Foundation\\Http\\Kernel->handle(Object(Illuminate\\Http\\Request))
#34 {main}

[previous exception] [object] (ReflectionException(code: -1): Class \"App\\Http\\Controllers\\DailyController\" does not exist at /home/malcian/malcians.online/www/vendor/laravel/framework/src/Illuminate/Container/Container.php:877)
[stacktrace]
#0 /home/malcian/malcians.online/www/vendor/laravel/framework/src/Illuminate/Container/Container.php(877): ReflectionClass->__construct('App\\\\Http\\\\Contro...')
#1 /home/malcian/malcians.online/www/vendor/laravel/framework/src/Illuminate/Container/Container.php(758): Illuminate\\Container\\Container->build('App\\\\Http\\\\Contro...')
#2 /home/malcian/malcians.online/www/vendor/laravel/framework/src/Illuminate/Foundation/Application.php(853): Illuminate\\Container\\Container->resolve('App\\\\Http\\\\Contro...', Array, true)
#3 /home/malcian/malcians.online/www/vendor/laravel/framework/src/Illuminate/Container/Container.php(694): Illuminate\\Foundation\\Application->resolve('App\\\\Http\\\\Contro...', Array)
#4 /home/malcian/malcians.online/www/vendor/laravel/framework/src/Illuminate/Foundation/Application.php(838): Illuminate\\Container\\Container->make('App\\\\Http\\\\Contro...', Array)
#5 /home/malcian/malcians.online/www/vendor/laravel/framework/src/Illuminate/Routing/Route.php(276): Illuminate\\Foundation\\Application->make('App\\\\Http\\\\Contro...')
#6 /home/malcian/malcians.online/www/vendor/laravel/framework/src/Illuminate/Routing/Route.php(1080): Illuminate\\Routing\\Route->getController()
#7 /home/malcian/malcians.online/www/vendor/laravel/framework/src/Illuminate/Routing/Route.php(1023): Illuminate\\Routing\\Route->controllerMiddleware()
#8 /home/malcian/malcians.online/www/vendor/laravel/framework/src/Illuminate/Routing/Router.php(734): Illuminate\\Routing\\Route->gatherMiddleware()
#9 /home/malcian/malcians.online/www/vendor/laravel/framework/src/Illuminate/Routing/Router.php(714): Illuminate\\Routing\\Router->gatherRouteMiddleware(Object(Illuminate\\Routing\\Route))
#10 /home/malcian/malcians.online/www/vendor/laravel/framework/src/Illuminate/Routing/Router.php(698): Illuminate\\Routing\\Router->runRouteWithinStack(Object(Illuminate\\Routing\\Route), Object(Illuminate\\Http\\Request))
#11 /home/malcian/malcians.online/www/vendor/laravel/framework/src/Illuminate/Routing/Router.php(662): Illuminate\\Routing\\Router->runRoute(Object(Illuminate\\Http\\Request), Object(Illuminate\\Routing\\Route))
#12 /home/malcian/malcians.online/www/vendor/laravel/framework/src/Illuminate/Routing/Router.php(651): Illuminate\\Routing\\Router->dispatchToRoute(Object(Illuminate\\Http\\Request))
#13 /home/malcian/malcians.online/www/vendor/laravel/framework/src/Illuminate/Foundation/Http/Kernel.php(167): Illuminate\\Routing\\Router->dispatch(Object(Illuminate\\Http\\Request))
#14 /home/malcian/malcians.online/www/vendor/laravel/framework/src/Illuminate/Pipeline/Pipeline.php(128): Illuminate\\Foundation\\Http\\Kernel->Illuminate\\Foundation\\Http\\{closure}(Object(Illuminate\\Http\\Request))
#15 /home/malcian/malcians.online/www/app/Http/Middleware/SanitizeEmails.php(29): Illuminate\\Pipeline\\Pipeline->Illuminate\\Pipeline\\{closure}(Object(Illuminate\\Http\\Request))
#16 /home/malcian/malcians.online/www/vendor/laravel/framework/src/Illuminate/Pipeline/Pipeline.php(167): App\\Http\\Middleware\\SanitizeEmails->handle(Object(Illuminate\\Http\\Request), Object(Closure))
#17 /home/malcian/malcians.online/www/app/Http/Middleware/ParsePostRequestFields.php(42): Illuminate\\Pipeline\\Pipeline->Illuminate\\Pipeline\\{closure}(Object(Illuminate\\Http\\Request))
#18 /home/malcian/malcians.online/www/vendor/laravel/framework/src/Illuminate/Pipeline/Pipeline.php(167): App\\Http\\Middleware\\ParsePostRequestFields->handle(Object(Illuminate\\Http\\Request), Object(Closure))
#19 /home/malcian/malcians.online/www/vendor/fideloper/proxy/src/TrustProxies.php(57): Illuminate\\Pipeline\\Pipeline->Illuminate\\Pipeline\\{closure}(Object(Illuminate\\Http\\Request))
#20 /home/malcian/malcians.online/www/vendor/laravel/framework/src/Illuminate/Pipeline/Pipeline.php(167): Fideloper\\Proxy\\TrustProxies->handle(Object(Illuminate\\Http\\Request), Object(Closure))
#21 /home/malcian/malcians.online/www/vendor/laravel/framework/src/Illuminate/Foundation/Http/Middleware/TransformsRequest.php(21): Illuminate\\Pipeline\\Pipeline->Illuminate\\Pipeline\\{closure}(Object(Illuminate\\Http\\Request))
#22 /home/malcian/malcians.online/www/vendor/laravel/framework/src/Illuminate/Foundation/Http/Middleware/ConvertEmptyStringsToNull.php(31): Illuminate\\Foundation\\Http\\Middleware\\TransformsRequest->handle(Object(Illuminate\\Http\\Request), Object(Closure))
#23 /home/malcian/malcians.online/www/vendor/laravel/framework/src/Illuminate/Pipeline/Pipeline.php(167): Illuminate\\Foundation\\Http\\Middleware\\ConvertEmptyStringsToNull->handle(Object(Illuminate\\Http\\Request), Object(Closure))
#24 /home/malcian/malcians.online/www/vendor/laravel/framework/src/Illuminate/Foundation/Http/Middleware/TransformsRequest.php(21): Illuminate\\Pipeline\\Pipeline->Illuminate\\Pipeline\\{closure}(Object(Illuminate\\Http\\Request))
#25 /home/malcian/malcians.online/www/vendor/laravel/framework/src/Illuminate/Foundation/Http/Middleware/TrimStrings.php(40): Illuminate\\Foundation\\Http\\Middleware\\TransformsRequest->handle(Object(Illuminate\\Http\\Request), Object(Closure))
#26 /home/malcian/malcians.online/www/vendor/laravel/framework/src/Illuminate/Pipeline/Pipeline.php(167): Illuminate\\Foundation\\Http\\Middleware\\TrimStrings->handle(Object(Illuminate\\Http\\Request), Object(Closure))
#27 /home/malcian/malcians.online/www/vendor/laravel/framework/src/Illuminate/Foundation/Http/Middleware/ValidatePostSize.php(27): Illuminate\\Pipeline\\Pipeline->Illuminate\\Pipeline\\{closure}(Object(Illuminate\\Http\\Request))
#28 /home/malcian/malcians.online/www/vendor/laravel/framework/src/Illuminate/Pipeline/Pipeline.php(167): Illuminate\\Foundation\\Http\\Middleware\\ValidatePostSize->handle(Object(Illuminate\\Http\\Request), Object(Closure))
#29 /home/malcian/malcians.online/www/vendor/laravel/framework/src/Illuminate/Foundation/Http/Middleware/PreventRequestsDuringMaintenance.php(86): Illuminate\\Pipeline\\Pipeline->Illuminate\\Pipeline\\{closure}(Object(Illuminate\\Http\\Request))
#30 /home/malcian/malcians.online/www/vendor/laravel/framework/src/Illuminate/Pipeline/Pipeline.php(167): Illuminate\\Foundation\\Http\\Middleware\\PreventRequestsDuringMaintenance->handle(Object(Illuminate\\Http\\Request), Object(Closure))
#31 /home/malcian/malcians.online/www/vendor/laravel/framework/src/Illuminate/Pipeline/Pipeline.php(103): Illuminate\\Pipeline\\Pipeline->Illuminate\\Pipeline\\{closure}(Object(Illuminate\\Http\\Request))
#32 /home/malcian/malcians.online/www/vendor/laravel/framework/src/Illuminate/Foundation/Http/Kernel.php(142): Illuminate\\Pipeline\\Pipeline->then(Object(Closure))
#33 /home/malcian/malcians.online/www/vendor/laravel/framework/src/Illuminate/Foundation/Http/Kernel.php(111): Illuminate\\Foundation\\Http\\Kernel->sendRequestThroughRouter(Object(Illuminate\\Http\\Request))
#34 /home/malcian/malcians.online/www/public/index.php(54): Illuminate\\Foundation\\Http\\Kernel->handle(Object(Illuminate\\Http\\Request))
#35 {main}
"} 
